--
-- PostgreSQL database dump
--

-- Dumped from database version 15.10 (Homebrew)
-- Dumped by pg_dump version 15.10 (Homebrew)

SET statement_timeout = 0;
SET lock_timeout = 0;
SET idle_in_transaction_session_timeout = 0;
SET client_encoding = 'UTF8';
SET standard_conforming_strings = on;
SELECT pg_catalog.set_config('search_path', '', false);
SET check_function_bodies = false;
SET xmloption = content;
SET client_min_messages = warning;
SET row_security = off;

--
-- Data for Name: dao; Type: TABLE DATA; Schema: onchain; Owner: -
--

INSERT INTO onchain.dao (dao_chain_id, dao_address, dao_name, proposal_templates_cid, snapshot_ens, sub_dao_of, top_hat_id, hat_id_to_stream_id, gas_tank_enabled, gas_tank_address, required_signatures, guard_address, fractal_module_address, created_at, updated_at) VALUES (1, '0xdd6cefa62239272f1edf755ba6471eacb7df2fa5', 'AwakeVC', NULL, NULL, NULL, NULL, NULL, NULL, NULL, 1, '0x0000000000000000000000000000000000000000', NULL, 1686584963, 1686584963);
INSERT INTO onchain.dao (dao_chain_id, dao_address, dao_name, proposal_templates_cid, snapshot_ens, sub_dao_of, top_hat_id, hat_id_to_stream_id, gas_tank_enabled, gas_tank_address, required_signatures, guard_address, fractal_module_address, created_at, updated_at) VALUES (1, '0xd26c85d435f02dab8b220cd4d2d398f6f646e235', 'Decent DAO', NULL, 'decent-dao.eth', NULL, NULL, NULL, NULL, NULL, 2, '0x0000000000000000000000000000000000000000', NULL, 1686926627, 1686926627);
INSERT INTO onchain.dao (dao_chain_id, dao_address, dao_name, proposal_templates_cid, snapshot_ens, sub_dao_of, top_hat_id, hat_id_to_stream_id, gas_tank_enabled, gas_tank_address, required_signatures, guard_address, fractal_module_address, created_at, updated_at) VALUES (1, '0x574f4bc0ccebef9f5b946a13ff16f931c16de22b', 'Fractal', NULL, 'fractalframework.eth', '0xd26c85d435f02dab8b220cd4d2d398f6f646e235', NULL, NULL, NULL, NULL, 2, '0x53b5d7dad56a626096e322c2d70edf58ba1b6288', '0x712e9f3e675efabe7660cc396cb3c0e5c4a9c686', 1686926783, 1686926783);
INSERT INTO onchain.dao (dao_chain_id, dao_address, dao_name, proposal_templates_cid, snapshot_ens, sub_dao_of, top_hat_id, hat_id_to_stream_id, gas_tank_enabled, gas_tank_address, required_signatures, guard_address, fractal_module_address, created_at, updated_at) VALUES (1, '0x6bbdf95cab8397b4cd1eb4d7a7f706365f077f61', 'Northwind Ventures Corp', NULL, NULL, '0xdd6cefa62239272f1edf755ba6471eacb7df2fa5', NULL, NULL, NULL, NULL, 1, '0x94718a509fae4ccd1e65f03284dd64a6bff31496', '0x474d399ce338de2bd9b62b2583a53f6402ba396a', 1687223663, 1687223663);
INSERT INTO onchain.dao (dao_chain_id, dao_address, dao_name, proposal_templates_cid, snapshot_ens, sub_dao_of, top_hat_id, hat_id_to_stream_id, gas_tank_enabled, gas_tank_address, required_signatures, guard_address, fractal_module_address, created_at, updated_at) VALUES (137, '0xa312a22ac5e99c7c9a5bca3cced4d9412b1c4123', 'Pizza DAO', NULL, NULL, NULL, NULL, NULL, NULL, NULL, 1, '0x0000000000000000000000000000000000000000', NULL, 1687317677, 1687317677);
INSERT INTO onchain.dao (dao_chain_id, dao_address, dao_name, proposal_templates_cid, snapshot_ens, sub_dao_of, top_hat_id, hat_id_to_stream_id, gas_tank_enabled, gas_tank_address, required_signatures, guard_address, fractal_module_address, created_at, updated_at) VALUES (137, '0x3983bc13cfb4c8ca7a16790021be8e1f5a84286d', 'Herbig Multisig', NULL, NULL, NULL, NULL, NULL, NULL, NULL, 1, '0x0000000000000000000000000000000000000000', NULL, 1687317849, 1687317849);
INSERT INTO onchain.dao (dao_chain_id, dao_address, dao_name, proposal_templates_cid, snapshot_ens, sub_dao_of, top_hat_id, hat_id_to_stream_id, gas_tank_enabled, gas_tank_address, required_signatures, guard_address, fractal_module_address, created_at, updated_at) VALUES (1, '0x9494b69fa25d0f214f6a3878848ce18ef57db86a', 'Northwind the Yacht LLC', NULL, NULL, '0x6bbdf95cab8397b4cd1eb4d7a7f706365f077f61', NULL, NULL, NULL, NULL, 1, '0x5d72e333d8bf3a2c17eaae546695335476e53a11', '0x91c036f0e4b0feb952e1a1651b9a30bd74955be1', 1687353875, 1687353875);
INSERT INTO onchain.dao (dao_chain_id, dao_address, dao_name, proposal_templates_cid, snapshot_ens, sub_dao_of, top_hat_id, hat_id_to_stream_id, gas_tank_enabled, gas_tank_address, required_signatures, guard_address, fractal_module_address, created_at, updated_at) VALUES (1, '0xd02c87766b2a8c34e15e5a3ef3950ddd58d27c2e', 'RtNW Show LLC', NULL, NULL, '0x6bbdf95cab8397b4cd1eb4d7a7f706365f077f61', NULL, NULL, NULL, NULL, 1, '0xeedfc2acce0d2e90da1da208d731ce550edfb763', '0xfa2b5ac700f9c7f7f9eb3b637287c1f72fda35e7', 1687353923, 1687353923);
INSERT INTO onchain.dao (dao_chain_id, dao_address, dao_name, proposal_templates_cid, snapshot_ens, sub_dao_of, top_hat_id, hat_id_to_stream_id, gas_tank_enabled, gas_tank_address, required_signatures, guard_address, fractal_module_address, created_at, updated_at) VALUES (1, '0x42de6e6e7dbd18e01554aea345c6cce756bd0f08', 'Northwind Ice & Water Inc', NULL, NULL, '0x6bbdf95cab8397b4cd1eb4d7a7f706365f077f61', NULL, NULL, NULL, NULL, 1, '0xe38913c4bee3e4e5759ba7f4db0f97383473a87e', '0x1cb7bf23847f78f44bd2b09d4535f5072e84a0ba', 1687354019, 1687354019);
INSERT INTO onchain.dao (dao_chain_id, dao_address, dao_name, proposal_templates_cid, snapshot_ens, sub_dao_of, top_hat_id, hat_id_to_stream_id, gas_tank_enabled, gas_tank_address, required_signatures, guard_address, fractal_module_address, created_at, updated_at) VALUES (1, '0x596cd2969b0621d5ecfa7c77aaf5726cb421b8ea', 'Northwind Wine & Spirits Inc', NULL, NULL, '0x6bbdf95cab8397b4cd1eb4d7a7f706365f077f61', NULL, NULL, NULL, NULL, 1, '0xfb2febe005de95ab34730c987f0fff34665bcd87', '0xc98cc49a50c2b25ac6fac8f8b6781de53f0b4f80', 1687354067, 1687354067);
INSERT INTO onchain.dao (dao_chain_id, dao_address, dao_name, proposal_templates_cid, snapshot_ens, sub_dao_of, top_hat_id, hat_id_to_stream_id, gas_tank_enabled, gas_tank_address, required_signatures, guard_address, fractal_module_address, created_at, updated_at) VALUES (1, '0xbc14bee869d0fa6a0091939e0c7b5931bf6e2dfb', 'Northwind Fashions Inc', NULL, NULL, '0x6bbdf95cab8397b4cd1eb4d7a7f706365f077f61', NULL, NULL, NULL, NULL, 1, '0x8aff2b16b6133974a448f1c64d41fa931fd15fb2', '0x1d2125725a6bbd9cd4d8181a08d7b1d7387c2af2', 1687354223, 1687354223);
INSERT INTO onchain.dao (dao_chain_id, dao_address, dao_name, proposal_templates_cid, snapshot_ens, sub_dao_of, top_hat_id, hat_id_to_stream_id, gas_tank_enabled, gas_tank_address, required_signatures, guard_address, fractal_module_address, created_at, updated_at) VALUES (137, '0x1d10c27184019e49ac673f421fae6fce09dd8252', 'Token Test', NULL, 'decent-dao.eth', NULL, NULL, NULL, NULL, NULL, 1, '0x0000000000000000000000000000000000000000', NULL, 1687553646, 1687553646);
INSERT INTO onchain.dao (dao_chain_id, dao_address, dao_name, proposal_templates_cid, snapshot_ens, sub_dao_of, top_hat_id, hat_id_to_stream_id, gas_tank_enabled, gas_tank_address, required_signatures, guard_address, fractal_module_address, created_at, updated_at) VALUES (137, '0x5270e796b5e367484babe9e83645a321426e34f9', 'Token Test', NULL, 'decent-dao.eth', NULL, NULL, NULL, NULL, NULL, 1, '0x0000000000000000000000000000000000000000', NULL, 1687555883, 1687555883);
INSERT INTO onchain.dao (dao_chain_id, dao_address, dao_name, proposal_templates_cid, snapshot_ens, sub_dao_of, top_hat_id, hat_id_to_stream_id, gas_tank_enabled, gas_tank_address, required_signatures, guard_address, fractal_module_address, created_at, updated_at) VALUES (137, '0x6ce2c19d36f71f8870dce232c5715977fef9f51d', 'Test Safe', NULL, NULL, NULL, NULL, NULL, NULL, NULL, 1, '0x0000000000000000000000000000000000000000', NULL, 1692639121, 1692639121);
INSERT INTO onchain.dao (dao_chain_id, dao_address, dao_name, proposal_templates_cid, snapshot_ens, sub_dao_of, top_hat_id, hat_id_to_stream_id, gas_tank_enabled, gas_tank_address, required_signatures, guard_address, fractal_module_address, created_at, updated_at) VALUES (1, '0xdd61bbc291f7dc563545906da13353afcfb54544', 'Multisig-Snapshot-0x', NULL, 'berniemoreno.eth', NULL, NULL, NULL, NULL, NULL, 1, '0x0000000000000000000000000000000000000000', NULL, 1698933611, 1698933611);
INSERT INTO onchain.dao (dao_chain_id, dao_address, dao_name, proposal_templates_cid, snapshot_ens, sub_dao_of, top_hat_id, hat_id_to_stream_id, gas_tank_enabled, gas_tank_address, required_signatures, guard_address, fractal_module_address, created_at, updated_at) VALUES (1, '0xb63ae0cbc7b0810e42fb2acbac0902e8dcd257a8', 'Decent DAO', NULL, 'decent-dao.eth', NULL, NULL, NULL, NULL, NULL, 1, '0x0000000000000000000000000000000000000000', NULL, 1702579391, 1702579391);
INSERT INTO onchain.dao (dao_chain_id, dao_address, dao_name, proposal_templates_cid, snapshot_ens, sub_dao_of, top_hat_id, hat_id_to_stream_id, gas_tank_enabled, gas_tank_address, required_signatures, guard_address, fractal_module_address, created_at, updated_at) VALUES (8453, '0x374d5a17d2433415c48c735a493f0523dab99041', 'Myosin.xyz', 'QmdM7qRgacPuoCe8N226c5TA9qJRqnSF5DyRgJEVYLqT8i', NULL, NULL, NULL, NULL, NULL, NULL, 2, '0x0000000000000000000000000000000000000000', NULL, 1720126143, 1730936283);
INSERT INTO onchain.dao (dao_chain_id, dao_address, dao_name, proposal_templates_cid, snapshot_ens, sub_dao_of, top_hat_id, hat_id_to_stream_id, gas_tank_enabled, gas_tank_address, required_signatures, guard_address, fractal_module_address, created_at, updated_at) VALUES (1, '0x36bd3044ab68f600f6d3e081056f34f2a58432c4', 'Shutter DAO', NULL, NULL, NULL, NULL, NULL, NULL, NULL, 1, '0x0000000000000000000000000000000000000000', NULL, 1705435223, 1705435223);
INSERT INTO onchain.dao (dao_chain_id, dao_address, dao_name, proposal_templates_cid, snapshot_ens, sub_dao_of, top_hat_id, hat_id_to_stream_id, gas_tank_enabled, gas_tank_address, required_signatures, guard_address, fractal_module_address, created_at, updated_at) VALUES (1, '0xec56e0870f19e3b1a6b051f679cf365e67f7f9fe', 'Sarcophagus', NULL, NULL, NULL, NULL, NULL, NULL, NULL, 3, '0x0000000000000000000000000000000000000000', NULL, 1708549007, 1708549967);
INSERT INTO onchain.dao (dao_chain_id, dao_address, dao_name, proposal_templates_cid, snapshot_ens, sub_dao_of, top_hat_id, hat_id_to_stream_id, gas_tank_enabled, gas_tank_address, required_signatures, guard_address, fractal_module_address, created_at, updated_at) VALUES (1, '0x0f9a68c48f10564bbf6d1e4d06328c27d9647f21', 'Test Integration', NULL, NULL, NULL, NULL, NULL, NULL, NULL, 1, '0x0000000000000000000000000000000000000000', NULL, 1711649651, 1711649651);
INSERT INTO onchain.dao (dao_chain_id, dao_address, dao_name, proposal_templates_cid, snapshot_ens, sub_dao_of, top_hat_id, hat_id_to_stream_id, gas_tank_enabled, gas_tank_address, required_signatures, guard_address, fractal_module_address, created_at, updated_at) VALUES (1, '0xdd452ba265dfed7dc64492c61642abcdbd969797', 'SubDAO test', NULL, NULL, '0x0f9a68c48f10564bbf6d1e4d06328c27d9647f21', NULL, NULL, NULL, NULL, 1, '0x08e12c3b588703b1579aea1f9cb435a1ea053ad7', '0xa4849caa38b57abb87a7591eb777fdb31709609b', 1711657655, 1711657655);
INSERT INTO onchain.dao (dao_chain_id, dao_address, dao_name, proposal_templates_cid, snapshot_ens, sub_dao_of, top_hat_id, hat_id_to_stream_id, gas_tank_enabled, gas_tank_address, required_signatures, guard_address, fractal_module_address, created_at, updated_at) VALUES (137, '0xa4cf2b2675fca419deef58c6cbe81942b63472df', 'AZ polyDAO', NULL, NULL, NULL, NULL, NULL, NULL, NULL, 1, '0x0000000000000000000000000000000000000000', NULL, 1711734800, 1711736526);
INSERT INTO onchain.dao (dao_chain_id, dao_address, dao_name, proposal_templates_cid, snapshot_ens, sub_dao_of, top_hat_id, hat_id_to_stream_id, gas_tank_enabled, gas_tank_address, required_signatures, guard_address, fractal_module_address, created_at, updated_at) VALUES (1, '0x4cad5a83d4f3fa8233e1bee010d6313f74aff026', 'SubDAO test2', NULL, NULL, '0x0f9a68c48f10564bbf6d1e4d06328c27d9647f21', NULL, NULL, NULL, NULL, 1, '0x42ee7989fd9c85548e03c5697fef179753a2d1d9', '0x7356072c831130c2803c847b7a8b4b5f74109ff4', 1712922623, 1712922623);
INSERT INTO onchain.dao (dao_chain_id, dao_address, dao_name, proposal_templates_cid, snapshot_ens, sub_dao_of, top_hat_id, hat_id_to_stream_id, gas_tank_enabled, gas_tank_address, required_signatures, guard_address, fractal_module_address, created_at, updated_at) VALUES (1, '0x476f235a78ce72c6e7e9b186391c6628a96fea7d', 'Kleros Test', NULL, NULL, NULL, NULL, NULL, NULL, NULL, 1, '0x0000000000000000000000000000000000000000', NULL, 1712924423, 1712924423);
INSERT INTO onchain.dao (dao_chain_id, dao_address, dao_name, proposal_templates_cid, snapshot_ens, sub_dao_of, top_hat_id, hat_id_to_stream_id, gas_tank_enabled, gas_tank_address, required_signatures, guard_address, fractal_module_address, created_at, updated_at) VALUES (1, '0x8ba7a5cf78fecc9f85fdd868b800182c50f0d970', 'SubDAO test', NULL, NULL, '0x476f235a78ce72c6e7e9b186391c6628a96fea7d', NULL, NULL, NULL, NULL, 1, '0xb663d04ffd1cd35d1d2e8fbb75768b9c1ab24fc1', '0xa20584e9e1a5f8a578fb694a737cf22152dbb941', 1712924807, 1712924807);
INSERT INTO onchain.dao (dao_chain_id, dao_address, dao_name, proposal_templates_cid, snapshot_ens, sub_dao_of, top_hat_id, hat_id_to_stream_id, gas_tank_enabled, gas_tank_address, required_signatures, guard_address, fractal_module_address, created_at, updated_at) VALUES (1, '0xdbc4ae5c0fdc921ee08b44031d6da081de1d6485', 'test snapshot space link', NULL, 'ethlizards.eth', NULL, NULL, NULL, NULL, NULL, 1, '0x0000000000000000000000000000000000000000', NULL, 1713281771, 1713281915);
INSERT INTO onchain.dao (dao_chain_id, dao_address, dao_name, proposal_templates_cid, snapshot_ens, sub_dao_of, top_hat_id, hat_id_to_stream_id, gas_tank_enabled, gas_tank_address, required_signatures, guard_address, fractal_module_address, created_at, updated_at) VALUES (137, '0x07928871059730fd70bb44ad9f9f5ac225c52c73', 'Test', NULL, NULL, NULL, NULL, NULL, NULL, NULL, 2, '0x0000000000000000000000000000000000000000', NULL, 1715035418, 1715035418);
INSERT INTO onchain.dao (dao_chain_id, dao_address, dao_name, proposal_templates_cid, snapshot_ens, sub_dao_of, top_hat_id, hat_id_to_stream_id, gas_tank_enabled, gas_tank_address, required_signatures, guard_address, fractal_module_address, created_at, updated_at) VALUES (8453, '0x26e445c2bddf80e2c814af54e4cd6b83fbc6bfff', 'Test', NULL, NULL, NULL, NULL, NULL, NULL, NULL, 1, '0x0000000000000000000000000000000000000000', NULL, 1715604587, 1715604587);
INSERT INTO onchain.dao (dao_chain_id, dao_address, dao_name, proposal_templates_cid, snapshot_ens, sub_dao_of, top_hat_id, hat_id_to_stream_id, gas_tank_enabled, gas_tank_address, required_signatures, guard_address, fractal_module_address, created_at, updated_at) VALUES (10, '0xb6810e65ee747d03940ca712673a8f190af1ee1d', 'Test SAFE', NULL, NULL, NULL, NULL, NULL, NULL, NULL, 1, '0x0000000000000000000000000000000000000000', NULL, 1715676269, 1715676269);
INSERT INTO onchain.dao (dao_chain_id, dao_address, dao_name, proposal_templates_cid, snapshot_ens, sub_dao_of, top_hat_id, hat_id_to_stream_id, gas_tank_enabled, gas_tank_address, required_signatures, guard_address, fractal_module_address, created_at, updated_at) VALUES (1, '0xd7eac04cf0c363a5c8504bd4c786dee7df11ebd3', 'ATEM', NULL, NULL, NULL, NULL, NULL, NULL, NULL, 1, '0x0000000000000000000000000000000000000000', NULL, 1715789123, 1715789123);
INSERT INTO onchain.dao (dao_chain_id, dao_address, dao_name, proposal_templates_cid, snapshot_ens, sub_dao_of, top_hat_id, hat_id_to_stream_id, gas_tank_enabled, gas_tank_address, required_signatures, guard_address, fractal_module_address, created_at, updated_at) VALUES (1, '0x77accf447c497e37ee1351d0959d1a110d2f8235', 'test', NULL, NULL, '0xd7eac04cf0c363a5c8504bd4c786dee7df11ebd3', NULL, NULL, NULL, NULL, 1, '0x64b8c35534b6edd9bca06709354a5160be01e938', '0xdcb32e64d44f0bbb55d801412ed9131f6c64f87c', 1715789543, 1715789543);
INSERT INTO onchain.dao (dao_chain_id, dao_address, dao_name, proposal_templates_cid, snapshot_ens, sub_dao_of, top_hat_id, hat_id_to_stream_id, gas_tank_enabled, gas_tank_address, required_signatures, guard_address, fractal_module_address, created_at, updated_at) VALUES (1, '0x0099df6ad8b63d2d8b9301aa8f2a3f764b6f9c86', 'testsendassets', NULL, NULL, NULL, NULL, NULL, NULL, NULL, 1, '0x0000000000000000000000000000000000000000', NULL, 1716230783, 1716230783);
INSERT INTO onchain.dao (dao_chain_id, dao_address, dao_name, proposal_templates_cid, snapshot_ens, sub_dao_of, top_hat_id, hat_id_to_stream_id, gas_tank_enabled, gas_tank_address, required_signatures, guard_address, fractal_module_address, created_at, updated_at) VALUES (1, '0x0be42bff08c213f9046f7f3f7f0d3d1965cde097', 'Personal Savings', NULL, NULL, NULL, NULL, NULL, NULL, NULL, 2, '0x0000000000000000000000000000000000000000', NULL, 1716395867, NULL);
INSERT INTO onchain.dao (dao_chain_id, dao_address, dao_name, proposal_templates_cid, snapshot_ens, sub_dao_of, top_hat_id, hat_id_to_stream_id, gas_tank_enabled, gas_tank_address, required_signatures, guard_address, fractal_module_address, created_at, updated_at) VALUES (8453, '0x78f04fea2d3ba01639ef927193511db72d0a4405', 'Test', NULL, 'coordinape.eth', NULL, NULL, NULL, NULL, NULL, 1, '0x0000000000000000000000000000000000000000', NULL, 1717191153, 1717191153);
INSERT INTO onchain.dao (dao_chain_id, dao_address, dao_name, proposal_templates_cid, snapshot_ens, sub_dao_of, top_hat_id, hat_id_to_stream_id, gas_tank_enabled, gas_tank_address, required_signatures, guard_address, fractal_module_address, created_at, updated_at) VALUES (1, '0xf3c054cbf103351feca36b300e56af36b44c3ac5', '테스트', NULL, NULL, NULL, NULL, NULL, NULL, NULL, 1, '0x0000000000000000000000000000000000000000', NULL, 1717560563, 1717560563);
INSERT INTO onchain.dao (dao_chain_id, dao_address, dao_name, proposal_templates_cid, snapshot_ens, sub_dao_of, top_hat_id, hat_id_to_stream_id, gas_tank_enabled, gas_tank_address, required_signatures, guard_address, fractal_module_address, created_at, updated_at) VALUES (8453, '0x142b8f210eaf06e906aef00f7b27253a5655ad2d', 'Futureproof', NULL, NULL, NULL, NULL, NULL, NULL, NULL, 1, '0x0000000000000000000000000000000000000000', NULL, 1718325965, 1718325965);
INSERT INTO onchain.dao (dao_chain_id, dao_address, dao_name, proposal_templates_cid, snapshot_ens, sub_dao_of, top_hat_id, hat_id_to_stream_id, gas_tank_enabled, gas_tank_address, required_signatures, guard_address, fractal_module_address, created_at, updated_at) VALUES (137, '0x12ef6da06209f74725049f1dbba6c961e7bb36cc', 'dilz', NULL, NULL, NULL, NULL, NULL, NULL, NULL, 1, '0x0000000000000000000000000000000000000000', NULL, 1718962555, 1718962555);
INSERT INTO onchain.dao (dao_chain_id, dao_address, dao_name, proposal_templates_cid, snapshot_ens, sub_dao_of, top_hat_id, hat_id_to_stream_id, gas_tank_enabled, gas_tank_address, required_signatures, guard_address, fractal_module_address, created_at, updated_at) VALUES (1, '0xbf1a121a3ddd82b34f15aae3fa1f53e4d29dbf7b', '0x36 SubDAO', NULL, NULL, '0x36bd3044ab68f600f6d3e081056f34f2a58432c4', NULL, NULL, NULL, NULL, 1, '0x0000000000000000000000000000000000000000', '0xbc138def32e8552ec6fa742c9a846e5ea84a6937', 1719584231, 1719584231);
INSERT INTO onchain.dao (dao_chain_id, dao_address, dao_name, proposal_templates_cid, snapshot_ens, sub_dao_of, top_hat_id, hat_id_to_stream_id, gas_tank_enabled, gas_tank_address, required_signatures, guard_address, fractal_module_address, created_at, updated_at) VALUES (8453, '0xbc4d75485a83d3a749b8d6a1df7decb45524657e', 'Kaito Test', NULL, NULL, NULL, NULL, NULL, NULL, NULL, 1, '0x0000000000000000000000000000000000000000', NULL, 1720121399, 1720121399);
INSERT INTO onchain.dao (dao_chain_id, dao_address, dao_name, proposal_templates_cid, snapshot_ens, sub_dao_of, top_hat_id, hat_id_to_stream_id, gas_tank_enabled, gas_tank_address, required_signatures, guard_address, fractal_module_address, created_at, updated_at) VALUES (8453, '0xa240da76f7a98338f7fd4828e65abae3f7483635', 'Bounty Treasury', NULL, NULL, '0x374d5a17d2433415c48c735a493f0523dab99041', NULL, NULL, NULL, NULL, 2, '0x3df56300c1508e5af846886fe0533d8a4126cde8', '0x52dd865440c58fdf83dbf683d76bb0a5040e45f1', 1720126143, 1720126143);
INSERT INTO onchain.dao (dao_chain_id, dao_address, dao_name, proposal_templates_cid, snapshot_ens, sub_dao_of, top_hat_id, hat_id_to_stream_id, gas_tank_enabled, gas_tank_address, required_signatures, guard_address, fractal_module_address, created_at, updated_at) VALUES (8453, '0x97095c46377f1790a5579e87a0db5144b411ffd5', 'Staking Treasury', NULL, NULL, '0x374d5a17d2433415c48c735a493f0523dab99041', NULL, NULL, NULL, NULL, 2, '0x52b5deacecbda1222147a5790c3719d4e53763a7', '0x2cc24bd952b6871147cf21382478b3b21dd5b3cc', 1720126143, 1720126143);
INSERT INTO onchain.dao (dao_chain_id, dao_address, dao_name, proposal_templates_cid, snapshot_ens, sub_dao_of, top_hat_id, hat_id_to_stream_id, gas_tank_enabled, gas_tank_address, required_signatures, guard_address, fractal_module_address, created_at, updated_at) VALUES (8453, '0x0c14aa2d34c0e13bbe441963e4de2eeaef4abed2', 'Onboarding Treasury', NULL, NULL, '0x374d5a17d2433415c48c735a493f0523dab99041', NULL, NULL, NULL, NULL, 2, '0x14afbdb21a204c8c3c4c14c068cc69dd580b8059', '0x9d81e7bb8d18abf92e238aac17fa77fc3899399a', 1720126143, 1720126143);
INSERT INTO onchain.dao (dao_chain_id, dao_address, dao_name, proposal_templates_cid, snapshot_ens, sub_dao_of, top_hat_id, hat_id_to_stream_id, gas_tank_enabled, gas_tank_address, required_signatures, guard_address, fractal_module_address, created_at, updated_at) VALUES (8453, '0x67a651de96c166789e8f008035cc3c0e34cfec02', 'Guild Treasury', NULL, NULL, '0x374d5a17d2433415c48c735a493f0523dab99041', NULL, NULL, NULL, NULL, 2, '0x662ae2b79c6ff22872b57b6daf04d8aa72abef80', '0xc7a03e71e82530f4ccf0cb410b7eef3f1732832d', 1720126143, 1720126143);
INSERT INTO onchain.dao (dao_chain_id, dao_address, dao_name, proposal_templates_cid, snapshot_ens, sub_dao_of, top_hat_id, hat_id_to_stream_id, gas_tank_enabled, gas_tank_address, required_signatures, guard_address, fractal_module_address, created_at, updated_at) VALUES (8453, '0x85bf3156c1a9336de889df4b84ad4d26e15ff835', 'Gaming Guild', NULL, NULL, '0x67a651de96c166789e8f008035cc3c0e34cfec02', NULL, NULL, NULL, NULL, 2, '0x988b20f088e6ad42c7ecb8bcee669ccbd2f1c187', '0x12708375132af07131d2afe82e764fcd3a5ee331', 1720126143, 1720126143);
INSERT INTO onchain.dao (dao_chain_id, dao_address, dao_name, proposal_templates_cid, snapshot_ens, sub_dao_of, top_hat_id, hat_id_to_stream_id, gas_tank_enabled, gas_tank_address, required_signatures, guard_address, fractal_module_address, created_at, updated_at) VALUES (8453, '0xf853e54a99925a05eeeb5767ed4c9fc6a82003c7', 'Community Guild', NULL, NULL, '0x67a651de96c166789e8f008035cc3c0e34cfec02', NULL, NULL, NULL, NULL, 2, '0xb12dcb0cda58095a5693aa8993c496fe98950016', '0xf27d7a4de51d0d9deb71b276a1770ffa132486f1', 1720126143, 1720126143);
INSERT INTO onchain.dao (dao_chain_id, dao_address, dao_name, proposal_templates_cid, snapshot_ens, sub_dao_of, top_hat_id, hat_id_to_stream_id, gas_tank_enabled, gas_tank_address, required_signatures, guard_address, fractal_module_address, created_at, updated_at) VALUES (8453, '0x5f45e3715b07a8c58897cc8afaa0b5b9de223e1b', 'Podcast Guild', NULL, NULL, '0x67a651de96c166789e8f008035cc3c0e34cfec02', NULL, NULL, NULL, NULL, 2, '0xc546a0f2d67a7dd06808d2e6129052737186ae3d', '0x2054b7a046675f62120abc279f263df3e1234ac6', 1720126143, 1720126143);
INSERT INTO onchain.dao (dao_chain_id, dao_address, dao_name, proposal_templates_cid, snapshot_ens, sub_dao_of, top_hat_id, hat_id_to_stream_id, gas_tank_enabled, gas_tank_address, required_signatures, guard_address, fractal_module_address, created_at, updated_at) VALUES (8453, '0x48dec83a5aa719d1e7f6b9ce3f91ce6295859013', 'Product Guild', NULL, NULL, '0x67a651de96c166789e8f008035cc3c0e34cfec02', NULL, NULL, NULL, NULL, 2, '0x5a6869b0e58ee91cafb60740ff476ab7a31a673f', '0x72a11a4887d759d3a66a6ef2fe3fbedbc1a6306f', 1720126143, 1720126143);
INSERT INTO onchain.dao (dao_chain_id, dao_address, dao_name, proposal_templates_cid, snapshot_ens, sub_dao_of, top_hat_id, hat_id_to_stream_id, gas_tank_enabled, gas_tank_address, required_signatures, guard_address, fractal_module_address, created_at, updated_at) VALUES (8453, '0x237dfa2223d34674afd3c8d1200bce2919f97417', 'Content Guild', NULL, NULL, '0x67a651de96c166789e8f008035cc3c0e34cfec02', NULL, NULL, NULL, NULL, 3, '0xccb6dfcc7fc4dc58adc8f0815089a20032630e5b', '0x2fc83b5caba382074c2a70b47d58fcaf6eb20202', 1720126143, 1720126143);
INSERT INTO onchain.dao (dao_chain_id, dao_address, dao_name, proposal_templates_cid, snapshot_ens, sub_dao_of, top_hat_id, hat_id_to_stream_id, gas_tank_enabled, gas_tank_address, required_signatures, guard_address, fractal_module_address, created_at, updated_at) VALUES (8453, '0x856fdfa35556865af5cb8b8dcb82855d2f4b4866', 'Governance Guild', NULL, NULL, '0x67a651de96c166789e8f008035cc3c0e34cfec02', NULL, NULL, NULL, NULL, 2, '0x68a9f9b8b5129a3cde0095cfbdccd1f7867d7752', '0x6bb9d422872e8c737655e70f13f7f858439c1c59', 1720126143, 1720126143);
INSERT INTO onchain.dao (dao_chain_id, dao_address, dao_name, proposal_templates_cid, snapshot_ens, sub_dao_of, top_hat_id, hat_id_to_stream_id, gas_tank_enabled, gas_tank_address, required_signatures, guard_address, fractal_module_address, created_at, updated_at) VALUES (8453, '0x895a9c888b2059f57ac7edbd59337f91a3f3f05f', 'Design Guild', NULL, NULL, '0x67a651de96c166789e8f008035cc3c0e34cfec02', NULL, NULL, NULL, NULL, 3, '0x21c275558d7e4bf12516954813d2a3955f16d76c', '0xc000e84d32e0be990c44029fbc5198e6ae6e62b6', 1720126143, 1720126143);
INSERT INTO onchain.dao (dao_chain_id, dao_address, dao_name, proposal_templates_cid, snapshot_ens, sub_dao_of, top_hat_id, hat_id_to_stream_id, gas_tank_enabled, gas_tank_address, required_signatures, guard_address, fractal_module_address, created_at, updated_at) VALUES (8453, '0xf9a320200f72aef5df3b6e6763db749c6d4a5ea5', 'Growth Guild', NULL, NULL, '0x67a651de96c166789e8f008035cc3c0e34cfec02', NULL, NULL, NULL, NULL, 2, '0x0f411cf7cd344f559447028a9e01da1282bfd7ba', '0xefa1614b12daa9de53099a2fef571191d023a327', 1720126143, 1720126143);
INSERT INTO onchain.dao (dao_chain_id, dao_address, dao_name, proposal_templates_cid, snapshot_ens, sub_dao_of, top_hat_id, hat_id_to_stream_id, gas_tank_enabled, gas_tank_address, required_signatures, guard_address, fractal_module_address, created_at, updated_at) VALUES (8453, '0x2cb0d618c8e02924a8769730fb3e5d3759279194', 'PR & Partnerships Guild', NULL, NULL, '0x67a651de96c166789e8f008035cc3c0e34cfec02', NULL, NULL, NULL, NULL, 3, '0x167f8289a82585f920e31ed97a8793de2aad3397', '0x4f1637aa5ff1ecdf0634f1d8be4183bf1050c4a3', 1720126143, 1720126143);
INSERT INTO onchain.dao (dao_chain_id, dao_address, dao_name, proposal_templates_cid, snapshot_ens, sub_dao_of, top_hat_id, hat_id_to_stream_id, gas_tank_enabled, gas_tank_address, required_signatures, guard_address, fractal_module_address, created_at, updated_at) VALUES (8453, '0x00f8959d5e12215ff63e100346d25293e71ea0d3', 'Innovation Guild', NULL, NULL, '0x67a651de96c166789e8f008035cc3c0e34cfec02', NULL, NULL, NULL, NULL, 3, '0xa5ce28f6180ae6e0ca2b44409d23dcc999a1b05e', '0xd0b0f19cd96868563dbbee6a523ead529927631f', 1720126143, 1720126143);
INSERT INTO onchain.dao (dao_chain_id, dao_address, dao_name, proposal_templates_cid, snapshot_ens, sub_dao_of, top_hat_id, hat_id_to_stream_id, gas_tank_enabled, gas_tank_address, required_signatures, guard_address, fractal_module_address, created_at, updated_at) VALUES (8453, '0x529a08dca73c533aeb67897e85b682e0152fd845', 'BD Guild', NULL, NULL, '0x67a651de96c166789e8f008035cc3c0e34cfec02', NULL, NULL, NULL, NULL, 2, '0x9a3444dc4ed0074a5e3030b3e7ee572c626e12a9', '0xc911bc3434b7f87db8148dde382ad2c247983a97', 1720126143, 1720126143);
INSERT INTO onchain.dao (dao_chain_id, dao_address, dao_name, proposal_templates_cid, snapshot_ens, sub_dao_of, top_hat_id, hat_id_to_stream_id, gas_tank_enabled, gas_tank_address, required_signatures, guard_address, fractal_module_address, created_at, updated_at) VALUES (8453, '0xb6e0e47a06522ee04367a6a6e59bc6539af97122', 'Myosin Arcade Treasury', NULL, NULL, '0x374d5a17d2433415c48c735a493f0523dab99041', NULL, NULL, NULL, NULL, 2, '0x153f88fedcbd38cf618c0c81bef9b82166a6053e', '0xaaa7a88fd7ef052ecf0f4471ecf26589988850ca', 1720126143, 1720126143);
INSERT INTO onchain.dao (dao_chain_id, dao_address, dao_name, proposal_templates_cid, snapshot_ens, sub_dao_of, top_hat_id, hat_id_to_stream_id, gas_tank_enabled, gas_tank_address, required_signatures, guard_address, fractal_module_address, created_at, updated_at) VALUES (137, '0x3d35fb663b7d6923375d13f97a757f6db4807dc2', 'Dalit DAO', NULL, NULL, NULL, NULL, NULL, NULL, NULL, 1, '0x0000000000000000000000000000000000000000', NULL, 1742932148, NULL);
INSERT INTO onchain.dao (dao_chain_id, dao_address, dao_name, proposal_templates_cid, snapshot_ens, sub_dao_of, top_hat_id, hat_id_to_stream_id, gas_tank_enabled, gas_tank_address, required_signatures, guard_address, fractal_module_address, created_at, updated_at) VALUES (137, '0x15e9b17427e7f879467df6f1041e7cc40edc7f50', 'test', NULL, NULL, NULL, NULL, NULL, NULL, NULL, 1, '0x0000000000000000000000000000000000000000', NULL, 1742935983, NULL);
INSERT INTO onchain.dao (dao_chain_id, dao_address, dao_name, proposal_templates_cid, snapshot_ens, sub_dao_of, top_hat_id, hat_id_to_stream_id, gas_tank_enabled, gas_tank_address, required_signatures, guard_address, fractal_module_address, created_at, updated_at) VALUES (137, '0x318d9e015c5e8050a24f5a44639a77b9863a470f', 'Connected Community DAO', NULL, NULL, NULL, NULL, NULL, NULL, NULL, 1, '0x0000000000000000000000000000000000000000', NULL, 1742936446, NULL);
INSERT INTO onchain.dao (dao_chain_id, dao_address, dao_name, proposal_templates_cid, snapshot_ens, sub_dao_of, top_hat_id, hat_id_to_stream_id, gas_tank_enabled, gas_tank_address, required_signatures, guard_address, fractal_module_address, created_at, updated_at) VALUES (137, '0x823e0bd035e166cc7d47ac8f48c851a1f1ee0c61', 'Citizen Assembly', NULL, NULL, NULL, NULL, NULL, NULL, NULL, 1, '0x0000000000000000000000000000000000000000', NULL, 1742976213, NULL);
INSERT INTO onchain.dao (dao_chain_id, dao_address, dao_name, proposal_templates_cid, snapshot_ens, sub_dao_of, top_hat_id, hat_id_to_stream_id, gas_tank_enabled, gas_tank_address, required_signatures, guard_address, fractal_module_address, created_at, updated_at) VALUES (8453, '0x022617b5fd50a2123117b12f063e7f81ab398a80', 'WorkoutDAO', NULL, NULL, NULL, NULL, NULL, NULL, NULL, 1, '0x0000000000000000000000000000000000000000', NULL, 1743011335, NULL);
INSERT INTO onchain.dao (dao_chain_id, dao_address, dao_name, proposal_templates_cid, snapshot_ens, sub_dao_of, top_hat_id, hat_id_to_stream_id, gas_tank_enabled, gas_tank_address, required_signatures, guard_address, fractal_module_address, created_at, updated_at) VALUES (10, '0x19d7351faf72a66afabe7eb2bb2c8b6d795949ce', 'OP DAO', NULL, NULL, NULL, NULL, NULL, NULL, NULL, 1, '0x0000000000000000000000000000000000000000', NULL, 1743013731, NULL);
INSERT INTO onchain.dao (dao_chain_id, dao_address, dao_name, proposal_templates_cid, snapshot_ens, sub_dao_of, top_hat_id, hat_id_to_stream_id, gas_tank_enabled, gas_tank_address, required_signatures, guard_address, fractal_module_address, created_at, updated_at) VALUES (1, '0x9a32279f282781996224be26a9b6a5cd8dde26ac', 'Ethereum DAO', NULL, NULL, NULL, NULL, NULL, NULL, NULL, 1, '0x0000000000000000000000000000000000000000', NULL, 1743015191, NULL);
INSERT INTO onchain.dao (dao_chain_id, dao_address, dao_name, proposal_templates_cid, snapshot_ens, sub_dao_of, top_hat_id, hat_id_to_stream_id, gas_tank_enabled, gas_tank_address, required_signatures, guard_address, fractal_module_address, created_at, updated_at) VALUES (137, '0x773d3f66f5ba2551224243ab828fbac278558301', 'How to DAO Instructor 1', NULL, NULL, NULL, NULL, NULL, NULL, NULL, 1, '0x0000000000000000000000000000000000000000', NULL, 1743054813, NULL);
INSERT INTO onchain.dao (dao_chain_id, dao_address, dao_name, proposal_templates_cid, snapshot_ens, sub_dao_of, top_hat_id, hat_id_to_stream_id, gas_tank_enabled, gas_tank_address, required_signatures, guard_address, fractal_module_address, created_at, updated_at) VALUES (137, '0xd0291685d1e3a033edec71b6624d58c57b8dda2d', 'SubDAO1', NULL, NULL, '0xec6ed2185bda5876851cfbb93b71fda1af3b2840', NULL, NULL, NULL, NULL, 1, '0x0000000000000000000000000000000000000000', '0x21e64a189b637095de06801f55d0d9f00afe4208', 1743356319, 1743356319);
INSERT INTO onchain.dao (dao_chain_id, dao_address, dao_name, proposal_templates_cid, snapshot_ens, sub_dao_of, top_hat_id, hat_id_to_stream_id, gas_tank_enabled, gas_tank_address, required_signatures, guard_address, fractal_module_address, created_at, updated_at) VALUES (137, '0xec6ed2185bda5876851cfbb93b71fda1af3b2840', 'Instructor DAO 2', NULL, 'gidion.eth', NULL, '1995036053369147344805359116439452669849148687268002363601667158441984', '1995036464751563776842256335945584098609982599368071127441097030107136:149141', NULL, NULL, 1, '0x0000000000000000000000000000000000000000', NULL, 1743082769, 1743356347);
INSERT INTO onchain.dao (dao_chain_id, dao_address, dao_name, proposal_templates_cid, snapshot_ens, sub_dao_of, top_hat_id, hat_id_to_stream_id, gas_tank_enabled, gas_tank_address, required_signatures, guard_address, fractal_module_address, created_at, updated_at) VALUES (137, '0xe5df721ba25c5f95eb80c24fc9179b574e68b4a3', 'Test DAO', NULL, NULL, NULL, NULL, NULL, NULL, NULL, 1, '0x0000000000000000000000000000000000000000', NULL, 1743450589, NULL);
INSERT INTO onchain.dao (dao_chain_id, dao_address, dao_name, proposal_templates_cid, snapshot_ens, sub_dao_of, top_hat_id, hat_id_to_stream_id, gas_tank_enabled, gas_tank_address, required_signatures, guard_address, fractal_module_address, created_at, updated_at) VALUES (8453, '0xcb51a67fa4919f1cb019b2a3eb7654b20c16adf3', 'Product Treasury', NULL, NULL, '0x374d5a17d2433415c48c735a493f0523dab99041', NULL, NULL, NULL, NULL, 2, '0x93784e6fa77c8b6ab85a46a3772c08623a0880d0', '0x3d0fe76cd7bc302c93db95190ec142ce75b3e2be', 1720126143, 1720126143);
INSERT INTO onchain.dao (dao_chain_id, dao_address, dao_name, proposal_templates_cid, snapshot_ens, sub_dao_of, top_hat_id, hat_id_to_stream_id, gas_tank_enabled, gas_tank_address, required_signatures, guard_address, fractal_module_address, created_at, updated_at) VALUES (8453, '0x9551d9ae48674f6768361645a790590305f86209', 'Rhino Crew', NULL, 'rhinocrew.eth', NULL, NULL, NULL, NULL, NULL, 1, '0x0000000000000000000000000000000000000000', NULL, 1720150937, 1720150937);
INSERT INTO onchain.dao (dao_chain_id, dao_address, dao_name, proposal_templates_cid, snapshot_ens, sub_dao_of, top_hat_id, hat_id_to_stream_id, gas_tank_enabled, gas_tank_address, required_signatures, guard_address, fractal_module_address, created_at, updated_at) VALUES (1, '0x8e278458b9446b0392f32c75676970893f3ab6be', 'Org roles', NULL, NULL, NULL, NULL, NULL, NULL, NULL, 1, '0x0000000000000000000000000000000000000000', NULL, 1721932115, 1721932115);
INSERT INTO onchain.dao (dao_chain_id, dao_address, dao_name, proposal_templates_cid, snapshot_ens, sub_dao_of, top_hat_id, hat_id_to_stream_id, gas_tank_enabled, gas_tank_address, required_signatures, guard_address, fractal_module_address, created_at, updated_at) VALUES (1, '0xb629aa2fa30cdb83f3f5808dde3f601818a682dd', 'Token Trice 2241', NULL, NULL, NULL, NULL, NULL, NULL, NULL, 1, '0x0000000000000000000000000000000000000000', NULL, 1723659839, 1723659839);
INSERT INTO onchain.dao (dao_chain_id, dao_address, dao_name, proposal_templates_cid, snapshot_ens, sub_dao_of, top_hat_id, hat_id_to_stream_id, gas_tank_enabled, gas_tank_address, required_signatures, guard_address, fractal_module_address, created_at, updated_at) VALUES (137, '0x7106c97c268d85fa829392d93ab7fc9ae2cad867', 'Holomidal', NULL, NULL, NULL, NULL, NULL, NULL, NULL, 1, '0x0000000000000000000000000000000000000000', NULL, 1724764988, 1724764988);
INSERT INTO onchain.dao (dao_chain_id, dao_address, dao_name, proposal_templates_cid, snapshot_ens, sub_dao_of, top_hat_id, hat_id_to_stream_id, gas_tank_enabled, gas_tank_address, required_signatures, guard_address, fractal_module_address, created_at, updated_at) VALUES (10, '0xf1ee07109217769345cd771789769ef2cb0d08e4', 'Boost Test', NULL, NULL, NULL, NULL, NULL, NULL, NULL, 1, '0x0000000000000000000000000000000000000000', NULL, 1726862603, 1726862603);
INSERT INTO onchain.dao (dao_chain_id, dao_address, dao_name, proposal_templates_cid, snapshot_ens, sub_dao_of, top_hat_id, hat_id_to_stream_id, gas_tank_enabled, gas_tank_address, required_signatures, guard_address, fractal_module_address, created_at, updated_at) VALUES (1, '0x72fbb1b7856d2d1c07997e0a1a2201eced03b04c', 'Nouns Amigos', NULL, 'nounsamigos.eth', NULL, NULL, NULL, NULL, NULL, 1, '0x0000000000000000000000000000000000000000', NULL, 1739226599, 1739226599);
INSERT INTO onchain.dao (dao_chain_id, dao_address, dao_name, proposal_templates_cid, snapshot_ens, sub_dao_of, top_hat_id, hat_id_to_stream_id, gas_tank_enabled, gas_tank_address, required_signatures, guard_address, fractal_module_address, created_at, updated_at) VALUES (137, '0x5ab98e1d78375ddc322c0dbdc540a896ad06ab0e', 'Pirate Fleet DAO', NULL, NULL, NULL, NULL, NULL, NULL, NULL, 1, '0x0000000000000000000000000000000000000000', NULL, 1739590483, NULL);
INSERT INTO onchain.dao (dao_chain_id, dao_address, dao_name, proposal_templates_cid, snapshot_ens, sub_dao_of, top_hat_id, hat_id_to_stream_id, gas_tank_enabled, gas_tank_address, required_signatures, guard_address, fractal_module_address, created_at, updated_at) VALUES (8453, '0x0bcc8861d36b610f19492c8e512ebb9e99bb7654', 'Battle of the Beers', NULL, 'proof-of-drink.eth', NULL, NULL, NULL, NULL, NULL, 1, '0x0000000000000000000000000000000000000000', NULL, 1727094327, 1727348859);
INSERT INTO onchain.dao (dao_chain_id, dao_address, dao_name, proposal_templates_cid, snapshot_ens, sub_dao_of, top_hat_id, hat_id_to_stream_id, gas_tank_enabled, gas_tank_address, required_signatures, guard_address, fractal_module_address, created_at, updated_at) VALUES (8453, '0x5a85e7e223577a8c01c9ef27f6fe8643830d67d6', 'Test Battle of the Beers', NULL, 'test-kyrylo.eth', NULL, NULL, NULL, NULL, NULL, 1, '0x0000000000000000000000000000000000000000', NULL, 1727171039, 1727349115);
INSERT INTO onchain.dao (dao_chain_id, dao_address, dao_name, proposal_templates_cid, snapshot_ens, sub_dao_of, top_hat_id, hat_id_to_stream_id, gas_tank_enabled, gas_tank_address, required_signatures, guard_address, fractal_module_address, created_at, updated_at) VALUES (10, '0x8ba174e2f943657e193744883fe72ce4c01b33c0', 'forest', NULL, NULL, NULL, NULL, NULL, NULL, NULL, 1, '0x0000000000000000000000000000000000000000', NULL, 1729633839, NULL);
INSERT INTO onchain.dao (dao_chain_id, dao_address, dao_name, proposal_templates_cid, snapshot_ens, sub_dao_of, top_hat_id, hat_id_to_stream_id, gas_tank_enabled, gas_tank_address, required_signatures, guard_address, fractal_module_address, created_at, updated_at) VALUES (8453, '0x9ef2c4aa4b25beb130356b4fcf62db4c0d4b2557', 'Test Myosin', 'QmfYChekq7UP5TNHbGhxmy2DDccpVCCCiBx1nXJnp6oLag', NULL, NULL, NULL, NULL, NULL, NULL, 1, '0x0000000000000000000000000000000000000000', NULL, 1730842251, 1730843515);
INSERT INTO onchain.dao (dao_chain_id, dao_address, dao_name, proposal_templates_cid, snapshot_ens, sub_dao_of, top_hat_id, hat_id_to_stream_id, gas_tank_enabled, gas_tank_address, required_signatures, guard_address, fractal_module_address, created_at, updated_at) VALUES (137, '0x40943ed3cbc034d3752fde05bb71e8f64f27c308', 'The Coin', NULL, 'selcuksenturk.eth', NULL, NULL, NULL, NULL, NULL, 1, '0x0000000000000000000000000000000000000000', NULL, 1731615081, 1731615081);
INSERT INTO onchain.dao (dao_chain_id, dao_address, dao_name, proposal_templates_cid, snapshot_ens, sub_dao_of, top_hat_id, hat_id_to_stream_id, gas_tank_enabled, gas_tank_address, required_signatures, guard_address, fractal_module_address, created_at, updated_at) VALUES (1, '0xfc4eb2a6ecc30cc86a24823f9821eff8b9a140bb', 'New Safe', NULL, NULL, NULL, NULL, NULL, NULL, NULL, 1, '0x0000000000000000000000000000000000000000', NULL, 1732134203, NULL);
INSERT INTO onchain.dao (dao_chain_id, dao_address, dao_name, proposal_templates_cid, snapshot_ens, sub_dao_of, top_hat_id, hat_id_to_stream_id, gas_tank_enabled, gas_tank_address, required_signatures, guard_address, fractal_module_address, created_at, updated_at) VALUES (1, '0x80a8ccb2de8c793d36e4acd4715ebb91aa5038d1', 'edenic', NULL, NULL, NULL, NULL, NULL, NULL, NULL, 1, '0x0000000000000000000000000000000000000000', NULL, 1734376751, NULL);
INSERT INTO onchain.dao (dao_chain_id, dao_address, dao_name, proposal_templates_cid, snapshot_ens, sub_dao_of, top_hat_id, hat_id_to_stream_id, gas_tank_enabled, gas_tank_address, required_signatures, guard_address, fractal_module_address, created_at, updated_at) VALUES (137, '0xa2281bf431a904c5fd1e0020bcb3412412911a91', 'test dao', NULL, NULL, NULL, NULL, NULL, NULL, NULL, 1, '0x0000000000000000000000000000000000000000', NULL, 1735518308, NULL);
INSERT INTO onchain.dao (dao_chain_id, dao_address, dao_name, proposal_templates_cid, snapshot_ens, sub_dao_of, top_hat_id, hat_id_to_stream_id, gas_tank_enabled, gas_tank_address, required_signatures, guard_address, fractal_module_address, created_at, updated_at) VALUES (8453, '0x505ef78e4ffb433f6fbfbc98e9716c36f7296894', 'My Great DAO', NULL, NULL, NULL, NULL, NULL, NULL, NULL, 1, '0x0000000000000000000000000000000000000000', NULL, 1736976379, NULL);
INSERT INTO onchain.dao (dao_chain_id, dao_address, dao_name, proposal_templates_cid, snapshot_ens, sub_dao_of, top_hat_id, hat_id_to_stream_id, gas_tank_enabled, gas_tank_address, required_signatures, guard_address, fractal_module_address, created_at, updated_at) VALUES (1, '0xb14ac30aa97057e2a934c47bdc45171335b91bd8', 'VANTA DAO', NULL, 'vantadao.eth', NULL, '1374957280024682629528017769438001164355494365549569196536284122710016', '1374957691463592977183395115818654697925197275394559159375890304991232:5706', NULL, NULL, 1, '0x0000000000000000000000000000000000000000', NULL, 1731696287, 1737588167);
INSERT INTO onchain.dao (dao_chain_id, dao_address, dao_name, proposal_templates_cid, snapshot_ens, sub_dao_of, top_hat_id, hat_id_to_stream_id, gas_tank_enabled, gas_tank_address, required_signatures, guard_address, fractal_module_address, created_at, updated_at) VALUES (1, '0xb98d45f9021d71e6fc30b43fd37fb3b1bf12c064', 'Decent DAO', NULL, 'decentdao.eth', NULL, '1321037386690381349938683739263961903008220076704488051574076902211584', '1321037798085351985446354320297764910615469321636761526302434842902528:8456', NULL, NULL, 1, '0x0000000000000000000000000000000000000000', NULL, 1702695959, 1738006835);
INSERT INTO onchain.dao (dao_chain_id, dao_address, dao_name, proposal_templates_cid, snapshot_ens, sub_dao_of, top_hat_id, hat_id_to_stream_id, gas_tank_enabled, gas_tank_address, required_signatures, guard_address, fractal_module_address, created_at, updated_at) VALUES (1, '0x50e1acd0fdb16189b7910675fbd410c466ae31b8', 'Operations', NULL, NULL, '0xb14ac30aa97057e2a934c47bdc45171335b91bd8', NULL, NULL, NULL, NULL, 1, '0x86a1581d22484de022cbad238f0ee39ef4bbd667', '0x08c91c6ad2f89ca52287c92ec5e56a9559edfa72', 1738084271, 1738084271);
INSERT INTO onchain.dao (dao_chain_id, dao_address, dao_name, proposal_templates_cid, snapshot_ens, sub_dao_of, top_hat_id, hat_id_to_stream_id, gas_tank_enabled, gas_tank_address, required_signatures, guard_address, fractal_module_address, created_at, updated_at) VALUES (137, '0xbfa0a6211545a6fa991b2cf5c8ce11c41400937a', 'Polygon DAO', NULL, NULL, NULL, NULL, NULL, NULL, NULL, 1, '0x0000000000000000000000000000000000000000', NULL, 1738599796, NULL);
INSERT INTO onchain.dao (dao_chain_id, dao_address, dao_name, proposal_templates_cid, snapshot_ens, sub_dao_of, top_hat_id, hat_id_to_stream_id, gas_tank_enabled, gas_tank_address, required_signatures, guard_address, fractal_module_address, created_at, updated_at) VALUES (1, '0xa89bff4576de525570abc420d44106ef97a07016', 'Never Stop Community', NULL, 'neverstop.eth', NULL, NULL, NULL, NULL, NULL, 1, '0x0000000000000000000000000000000000000000', NULL, 1738672691, 1738672691);
INSERT INTO onchain.dao (dao_chain_id, dao_address, dao_name, proposal_templates_cid, snapshot_ens, sub_dao_of, top_hat_id, hat_id_to_stream_id, gas_tank_enabled, gas_tank_address, required_signatures, guard_address, fractal_module_address, created_at, updated_at) VALUES (8453, '0xbad01c227f85f789210de6c7b87e895f1e55471c', 'Vanilla DAO', NULL, 'fabien.eth', NULL, NULL, NULL, NULL, NULL, 1, '0x0000000000000000000000000000000000000000', NULL, 1738780315, 1738780315);
INSERT INTO onchain.dao (dao_chain_id, dao_address, dao_name, proposal_templates_cid, snapshot_ens, sub_dao_of, top_hat_id, hat_id_to_stream_id, gas_tank_enabled, gas_tank_address, required_signatures, guard_address, fractal_module_address, created_at, updated_at) VALUES (1, '0x16b9e0f718553e3a82438831a34ef0fac3a20e70', 'TEST3', NULL, NULL, NULL, NULL, NULL, NULL, NULL, 1, '0x0000000000000000000000000000000000000000', NULL, 1738882235, NULL);
INSERT INTO onchain.dao (dao_chain_id, dao_address, dao_name, proposal_templates_cid, snapshot_ens, sub_dao_of, top_hat_id, hat_id_to_stream_id, gas_tank_enabled, gas_tank_address, required_signatures, guard_address, fractal_module_address, created_at, updated_at) VALUES (8453, '0xf8116e07bef52e227eff7e0c960336991e7769e7', 'Base DAO', NULL, NULL, NULL, NULL, NULL, NULL, NULL, 1, '0x0000000000000000000000000000000000000000', NULL, 1739828179, NULL);
INSERT INTO onchain.dao (dao_chain_id, dao_address, dao_name, proposal_templates_cid, snapshot_ens, sub_dao_of, top_hat_id, hat_id_to_stream_id, gas_tank_enabled, gas_tank_address, required_signatures, guard_address, fractal_module_address, created_at, updated_at) VALUES (1, '0xbaf4bdcde594871a9e40207ebea7da3bc3e83ae0', 'Big Blue DAO', NULL, NULL, NULL, NULL, NULL, NULL, NULL, 1, '0x0000000000000000000000000000000000000000', NULL, 1739985647, NULL);
INSERT INTO onchain.dao (dao_chain_id, dao_address, dao_name, proposal_templates_cid, snapshot_ens, sub_dao_of, top_hat_id, hat_id_to_stream_id, gas_tank_enabled, gas_tank_address, required_signatures, guard_address, fractal_module_address, created_at, updated_at) VALUES (137, '0xc862e91c6ae533a9a3d48adb120296103d015416', 'Polygon DAO', NULL, NULL, NULL, NULL, NULL, NULL, NULL, 1, '0x0000000000000000000000000000000000000000', NULL, 1738800941, 1739988691);
INSERT INTO onchain.dao (dao_chain_id, dao_address, dao_name, proposal_templates_cid, snapshot_ens, sub_dao_of, top_hat_id, hat_id_to_stream_id, gas_tank_enabled, gas_tank_address, required_signatures, guard_address, fractal_module_address, created_at, updated_at) VALUES (8453, '0xf222823699a84a6dcd47a1a860554a5b9daaaf47', 'a Base DAO', NULL, NULL, NULL, NULL, NULL, NULL, NULL, 1, '0x0000000000000000000000000000000000000000', NULL, 1738597373, 1740594989);
INSERT INTO onchain.dao (dao_chain_id, dao_address, dao_name, proposal_templates_cid, snapshot_ens, sub_dao_of, top_hat_id, hat_id_to_stream_id, gas_tank_enabled, gas_tank_address, required_signatures, guard_address, fractal_module_address, created_at, updated_at) VALUES (8453, '0x7e9e037ff50fba074dbadc8cce39873bbab008c4', 'Vista DAO', NULL, NULL, NULL, NULL, NULL, NULL, NULL, 1, '0x0000000000000000000000000000000000000000', NULL, 1740770739, NULL);
INSERT INTO onchain.dao (dao_chain_id, dao_address, dao_name, proposal_templates_cid, snapshot_ens, sub_dao_of, top_hat_id, hat_id_to_stream_id, gas_tank_enabled, gas_tank_address, required_signatures, guard_address, fractal_module_address, created_at, updated_at) VALUES (8453, '0xa6f865191be3a1d09b816b336509d376a593ab93', 'Regen Art Collective', NULL, NULL, NULL, NULL, NULL, NULL, NULL, 1, '0x0000000000000000000000000000000000000000', NULL, 1740783979, NULL);
INSERT INTO onchain.dao (dao_chain_id, dao_address, dao_name, proposal_templates_cid, snapshot_ens, sub_dao_of, top_hat_id, hat_id_to_stream_id, gas_tank_enabled, gas_tank_address, required_signatures, guard_address, fractal_module_address, created_at, updated_at) VALUES (8453, '0xb2cf0b08363da450b689b85efc4d19921c9ae671', 'HomeFaxDAO', NULL, NULL, NULL, NULL, NULL, NULL, NULL, 1, '0x0000000000000000000000000000000000000000', NULL, 1740825109, NULL);
INSERT INTO onchain.dao (dao_chain_id, dao_address, dao_name, proposal_templates_cid, snapshot_ens, sub_dao_of, top_hat_id, hat_id_to_stream_id, gas_tank_enabled, gas_tank_address, required_signatures, guard_address, fractal_module_address, created_at, updated_at) VALUES (1, '0xac1ee1e918f17658a7d686ac531993867f55afe8', 'V3K :: Vision 3000', NULL, NULL, NULL, NULL, NULL, NULL, NULL, 1, '0x0000000000000000000000000000000000000000', NULL, 1740864059, NULL);
INSERT INTO onchain.dao (dao_chain_id, dao_address, dao_name, proposal_templates_cid, snapshot_ens, sub_dao_of, top_hat_id, hat_id_to_stream_id, gas_tank_enabled, gas_tank_address, required_signatures, guard_address, fractal_module_address, created_at, updated_at) VALUES (8453, '0x607023559237b5ec8c7b9d3a73cbbd0a1077fab1', 'XAO', NULL, 'niftybruh.eth', NULL, NULL, NULL, NULL, NULL, 1, '0x0000000000000000000000000000000000000000', NULL, 1740846305, 1740846305);
INSERT INTO onchain.dao (dao_chain_id, dao_address, dao_name, proposal_templates_cid, snapshot_ens, sub_dao_of, top_hat_id, hat_id_to_stream_id, gas_tank_enabled, gas_tank_address, required_signatures, guard_address, fractal_module_address, created_at, updated_at) VALUES (8453, '0x3d94272a4f8c41bdaa26b022ddf1a0677742f424', 'Based', NULL, NULL, NULL, NULL, NULL, NULL, NULL, 1, '0x0000000000000000000000000000000000000000', NULL, 1741123261, NULL);
INSERT INTO onchain.dao (dao_chain_id, dao_address, dao_name, proposal_templates_cid, snapshot_ens, sub_dao_of, top_hat_id, hat_id_to_stream_id, gas_tank_enabled, gas_tank_address, required_signatures, guard_address, fractal_module_address, created_at, updated_at) VALUES (8453, '0x9b2b76bd77e1fb0cf8ea7d230603cc04a9bd9ac4', 'Based20', NULL, NULL, NULL, NULL, NULL, NULL, NULL, 1, '0x0000000000000000000000000000000000000000', NULL, 1741129501, NULL);
INSERT INTO onchain.dao (dao_chain_id, dao_address, dao_name, proposal_templates_cid, snapshot_ens, sub_dao_of, top_hat_id, hat_id_to_stream_id, gas_tank_enabled, gas_tank_address, required_signatures, guard_address, fractal_module_address, created_at, updated_at) VALUES (8453, '0x5b2396dabd89d984f251e9fb949fd9d97fcb0f2b', 'Base Multisig DAO', NULL, NULL, NULL, NULL, NULL, NULL, NULL, 2, '0x0000000000000000000000000000000000000000', NULL, 1741206761, NULL);
INSERT INTO onchain.dao (dao_chain_id, dao_address, dao_name, proposal_templates_cid, snapshot_ens, sub_dao_of, top_hat_id, hat_id_to_stream_id, gas_tank_enabled, gas_tank_address, required_signatures, guard_address, fractal_module_address, created_at, updated_at) VALUES (8453, '0x023e679a8cafefcc31509bb9a88ee2664f14f75b', 'Based3', NULL, NULL, NULL, NULL, NULL, NULL, NULL, 1, '0x0000000000000000000000000000000000000000', NULL, 1741289707, NULL);
INSERT INTO onchain.dao (dao_chain_id, dao_address, dao_name, proposal_templates_cid, snapshot_ens, sub_dao_of, top_hat_id, hat_id_to_stream_id, gas_tank_enabled, gas_tank_address, required_signatures, guard_address, fractal_module_address, created_at, updated_at) VALUES (8453, '0x864bb15a5c532bba230b9ebd4d545bd9c707dd61', 'Base2of3', NULL, NULL, NULL, NULL, NULL, NULL, NULL, 2, '0x0000000000000000000000000000000000000000', NULL, 1741291865, NULL);
INSERT INTO onchain.dao (dao_chain_id, dao_address, dao_name, proposal_templates_cid, snapshot_ens, sub_dao_of, top_hat_id, hat_id_to_stream_id, gas_tank_enabled, gas_tank_address, required_signatures, guard_address, fractal_module_address, created_at, updated_at) VALUES (8453, '0xeb86ace811e5c5a9c2d27ea81a8897b0e5f16f70', 'Giggle', NULL, 'jigglyjams.eth', NULL, NULL, NULL, NULL, NULL, 1, '0x0000000000000000000000000000000000000000', NULL, 1741313473, 1741313473);
INSERT INTO onchain.dao (dao_chain_id, dao_address, dao_name, proposal_templates_cid, snapshot_ens, sub_dao_of, top_hat_id, hat_id_to_stream_id, gas_tank_enabled, gas_tank_address, required_signatures, guard_address, fractal_module_address, created_at, updated_at) VALUES (8453, '0x29f18fdb2caeddf8cb7bfd966e53c7c8c6ce3424', 'CRYPTO', NULL, NULL, NULL, NULL, NULL, NULL, NULL, 1, '0x0000000000000000000000000000000000000000', NULL, 1741741321, NULL);
INSERT INTO onchain.dao (dao_chain_id, dao_address, dao_name, proposal_templates_cid, snapshot_ens, sub_dao_of, top_hat_id, hat_id_to_stream_id, gas_tank_enabled, gas_tank_address, required_signatures, guard_address, fractal_module_address, created_at, updated_at) VALUES (8453, '0x4f6f99828b204bbe6f7a2d014166537e37acb82c', NULL, NULL, NULL, NULL, '3828312426735390850842716142356787555656474508000761292316712655388672', '3828312838124084384615000042626754773840516086516932411600606561566720:94167', NULL, NULL, 3, '0x0000000000000000000000000000000000000000', NULL, 1741980557, 1741996187);
INSERT INTO onchain.dao (dao_chain_id, dao_address, dao_name, proposal_templates_cid, snapshot_ens, sub_dao_of, top_hat_id, hat_id_to_stream_id, gas_tank_enabled, gas_tank_address, required_signatures, guard_address, fractal_module_address, created_at, updated_at) VALUES (137, '0xfcfb9fd7638d9e93d5640b1339217a3f99db9253', 'Testing a DAO', NULL, NULL, NULL, NULL, NULL, NULL, NULL, 1, '0x0000000000000000000000000000000000000000', NULL, 1742348645, NULL);
INSERT INTO onchain.dao (dao_chain_id, dao_address, dao_name, proposal_templates_cid, snapshot_ens, sub_dao_of, top_hat_id, hat_id_to_stream_id, gas_tank_enabled, gas_tank_address, required_signatures, guard_address, fractal_module_address, created_at, updated_at) VALUES (8453, '0xf10e1d95172a7fe7f2680a3b8920db435ce187c6', 'testing dao on base', NULL, NULL, NULL, NULL, NULL, NULL, NULL, 1, '0x0000000000000000000000000000000000000000', NULL, 1742348947, NULL);
INSERT INTO onchain.dao (dao_chain_id, dao_address, dao_name, proposal_templates_cid, snapshot_ens, sub_dao_of, top_hat_id, hat_id_to_stream_id, gas_tank_enabled, gas_tank_address, required_signatures, guard_address, fractal_module_address, created_at, updated_at) VALUES (137, '0x9a745b0ffbab4563b76af03673741f1ead005585', 'Common Press DAO', NULL, NULL, NULL, NULL, NULL, NULL, NULL, 1, '0x0000000000000000000000000000000000000000', NULL, 1742931064, NULL);


--
-- Data for Name: governance_module; Type: TABLE DATA; Schema: onchain; Owner: -
--

INSERT INTO onchain.governance_module (governance_module_address, dao_chain_id, dao_address, governance_module_name, governance_module_description) VALUES ('0x9dbde6057ad59cb07fc83170f7d1f06dd4afee93', 137, '0xa312a22ac5e99c7c9a5bca3cced4d9412b1c4123', NULL, NULL);
INSERT INTO onchain.governance_module (governance_module_address, dao_chain_id, dao_address, governance_module_name, governance_module_description) VALUES ('0xb89a55de286b27a7c51c24c3ef3149495d002fe4', 137, '0x1d10c27184019e49ac673f421fae6fce09dd8252', NULL, NULL);
INSERT INTO onchain.governance_module (governance_module_address, dao_chain_id, dao_address, governance_module_name, governance_module_description) VALUES ('0xa5127d4302857f9472ccc28ed68de47eefac01e1', 137, '0x5270e796b5e367484babe9e83645a321426e34f9', NULL, NULL);
INSERT INTO onchain.governance_module (governance_module_address, dao_chain_id, dao_address, governance_module_name, governance_module_description) VALUES ('0x06e1be97502c99500a8e77fbc8089f414033eb59', 1, '0xdd61bbc291f7dc563545906da13353afcfb54544', NULL, NULL);
INSERT INTO onchain.governance_module (governance_module_address, dao_chain_id, dao_address, governance_module_name, governance_module_description) VALUES ('0xb5cef03d390ceeb3273d799696a73ebb50107860', 1, '0xb63ae0cbc7b0810e42fb2acbac0902e8dcd257a8', NULL, NULL);
INSERT INTO onchain.governance_module (governance_module_address, dao_chain_id, dao_address, governance_module_name, governance_module_description) VALUES ('0x61bc890acf131f8dbd9c1df8638b3c333dc1c6ec', 1, '0xb98d45f9021d71e6fc30b43fd37fb3b1bf12c064', NULL, NULL);
INSERT INTO onchain.governance_module (governance_module_address, dao_chain_id, dao_address, governance_module_name, governance_module_description) VALUES ('0xaa6bfa174d2f803b517026e93dbbec1eba26258e', 1, '0x36bd3044ab68f600f6d3e081056f34f2a58432c4', NULL, NULL);
INSERT INTO onchain.governance_module (governance_module_address, dao_chain_id, dao_address, governance_module_name, governance_module_description) VALUES ('0xf01e198662c8a81b9aaffb2ce5aa0283af11f5ab', 137, '0xa4cf2b2675fca419deef58c6cbe81942b63472df', NULL, NULL);
INSERT INTO onchain.governance_module (governance_module_address, dao_chain_id, dao_address, governance_module_name, governance_module_description) VALUES ('0xf49a269d3cadb5a561c85930d430a30d836e2669', 10, '0xb6810e65ee747d03940ca712673a8f190af1ee1d', NULL, NULL);
INSERT INTO onchain.governance_module (governance_module_address, dao_chain_id, dao_address, governance_module_name, governance_module_description) VALUES ('0xd5e9d8e4384ed9f54dc991280fe7fa1d4a99caa4', 8453, '0x142b8f210eaf06e906aef00f7b27253a5655ad2d', NULL, NULL);
INSERT INTO onchain.governance_module (governance_module_address, dao_chain_id, dao_address, governance_module_name, governance_module_description) VALUES ('0x85543b7024393ae98da26d9136002976d0cf4158', 1, '0xb629aa2fa30cdb83f3f5808dde3f601818a682dd', NULL, NULL);
INSERT INTO onchain.governance_module (governance_module_address, dao_chain_id, dao_address, governance_module_name, governance_module_description) VALUES ('0xb6c0af3f10f6ad307a5205f741ec68d02c6fa548', 137, '0x7106c97c268d85fa829392d93ab7fc9ae2cad867', NULL, NULL);
INSERT INTO onchain.governance_module (governance_module_address, dao_chain_id, dao_address, governance_module_name, governance_module_description) VALUES ('0x0b8eee99b1804f5a5c851c37dacc5cd3b623d12a', 8453, '0x9ef2c4aa4b25beb130356b4fcf62db4c0d4b2557', NULL, NULL);
INSERT INTO onchain.governance_module (governance_module_address, dao_chain_id, dao_address, governance_module_name, governance_module_description) VALUES ('0x14b60e8608b5cb3cd17311acaea1b05a4f4e61be', 1, '0xb14ac30aa97057e2a934c47bdc45171335b91bd8', NULL, NULL);
INSERT INTO onchain.governance_module (governance_module_address, dao_chain_id, dao_address, governance_module_name, governance_module_description) VALUES ('0x16755d46cf678588df535f2991e4c53a4dddc437', 1, '0x80a8ccb2de8c793d36e4acd4715ebb91aa5038d1', NULL, NULL);
INSERT INTO onchain.governance_module (governance_module_address, dao_chain_id, dao_address, governance_module_name, governance_module_description) VALUES ('0x7599c84f0e1891c351ffbe6797864a06bd9d6ed5', 137, '0xa2281bf431a904c5fd1e0020bcb3412412911a91', NULL, NULL);
INSERT INTO onchain.governance_module (governance_module_address, dao_chain_id, dao_address, governance_module_name, governance_module_description) VALUES ('0x0fe11cf358fe883069ed25e82168a12ed8f6076e', 8453, '0x505ef78e4ffb433f6fbfbc98e9716c36f7296894', NULL, NULL);
INSERT INTO onchain.governance_module (governance_module_address, dao_chain_id, dao_address, governance_module_name, governance_module_description) VALUES ('0x1289e52a19f633a1be26a42235cc5b9dfde486cc', 8453, '0xf222823699a84a6dcd47a1a860554a5b9daaaf47', NULL, NULL);
INSERT INTO onchain.governance_module (governance_module_address, dao_chain_id, dao_address, governance_module_name, governance_module_description) VALUES ('0x8e6f1f26173ea77e2ea666f9f6333e3881596c52', 137, '0xbfa0a6211545a6fa991b2cf5c8ce11c41400937a', NULL, NULL);
INSERT INTO onchain.governance_module (governance_module_address, dao_chain_id, dao_address, governance_module_name, governance_module_description) VALUES ('0xa88b37a1090e9698e7a4db71a51edd3033577d10', 8453, '0xbad01c227f85f789210de6c7b87e895f1e55471c', NULL, NULL);
INSERT INTO onchain.governance_module (governance_module_address, dao_chain_id, dao_address, governance_module_name, governance_module_description) VALUES ('0x324f18afc0897dbd96b6ddf408c99c5542b37ede', 137, '0xc862e91c6ae533a9a3d48adb120296103d015416', NULL, NULL);
INSERT INTO onchain.governance_module (governance_module_address, dao_chain_id, dao_address, governance_module_name, governance_module_description) VALUES ('0x36dfcc60b74b9d15881d8a4a622bae6b85907c81', 1, '0x16b9e0f718553e3a82438831a34ef0fac3a20e70', NULL, NULL);
INSERT INTO onchain.governance_module (governance_module_address, dao_chain_id, dao_address, governance_module_name, governance_module_description) VALUES ('0x2c9dcd1f74ef3819f89f57f48694d88bcf665154', 1, '0x72fbb1b7856d2d1c07997e0a1a2201eced03b04c', NULL, NULL);
INSERT INTO onchain.governance_module (governance_module_address, dao_chain_id, dao_address, governance_module_name, governance_module_description) VALUES ('0x22d9df1a44275956927b4ffba4371840c858bae6', 137, '0x5ab98e1d78375ddc322c0dbdc540a896ad06ab0e', NULL, NULL);
INSERT INTO onchain.governance_module (governance_module_address, dao_chain_id, dao_address, governance_module_name, governance_module_description) VALUES ('0xe03850fb749fd6d0173ff350b96558c09d5101c3', 8453, '0xf8116e07bef52e227eff7e0c960336991e7769e7', NULL, NULL);
INSERT INTO onchain.governance_module (governance_module_address, dao_chain_id, dao_address, governance_module_name, governance_module_description) VALUES ('0xce217675e8f327e0aa7b163f480978db3b322d9d', 1, '0xbaf4bdcde594871a9e40207ebea7da3bc3e83ae0', NULL, NULL);
INSERT INTO onchain.governance_module (governance_module_address, dao_chain_id, dao_address, governance_module_name, governance_module_description) VALUES ('0xb687d659da095394e5524ca1bb22e70da28cf059', 8453, '0x7e9e037ff50fba074dbadc8cce39873bbab008c4', NULL, NULL);
INSERT INTO onchain.governance_module (governance_module_address, dao_chain_id, dao_address, governance_module_name, governance_module_description) VALUES ('0x43103e084c880b4190b08caa4e06587473ebe8da', 8453, '0xa6f865191be3a1d09b816b336509d376a593ab93', NULL, NULL);
INSERT INTO onchain.governance_module (governance_module_address, dao_chain_id, dao_address, governance_module_name, governance_module_description) VALUES ('0x4aa8d01e7185e08fbb8a3cbd76726b49da6710ed', 8453, '0xb2cf0b08363da450b689b85efc4d19921c9ae671', NULL, NULL);
INSERT INTO onchain.governance_module (governance_module_address, dao_chain_id, dao_address, governance_module_name, governance_module_description) VALUES ('0xce9dbc16b1938c2a5b212ce58ba6108a3d9fd0ce', 8453, '0x607023559237b5ec8c7b9d3a73cbbd0a1077fab1', NULL, NULL);
INSERT INTO onchain.governance_module (governance_module_address, dao_chain_id, dao_address, governance_module_name, governance_module_description) VALUES ('0x5847244945e6588e32e346ddf7b47fb140e205ba', 1, '0xac1ee1e918f17658a7d686ac531993867f55afe8', NULL, NULL);
INSERT INTO onchain.governance_module (governance_module_address, dao_chain_id, dao_address, governance_module_name, governance_module_description) VALUES ('0x4e0775bb271cb800fb6f695d7f676e26dabb394a', 8453, '0x9b2b76bd77e1fb0cf8ea7d230603cc04a9bd9ac4', NULL, NULL);
INSERT INTO onchain.governance_module (governance_module_address, dao_chain_id, dao_address, governance_module_name, governance_module_description) VALUES ('0xe570db1b40b89f4d7b7f119b61dbd6e916319fec', 8453, '0x023e679a8cafefcc31509bb9a88ee2664f14f75b', NULL, NULL);
INSERT INTO onchain.governance_module (governance_module_address, dao_chain_id, dao_address, governance_module_name, governance_module_description) VALUES ('0xd8853f27772fd64b08bc4d2cfe50471a822722c8', 8453, '0x29f18fdb2caeddf8cb7bfd966e53c7c8c6ce3424', NULL, NULL);
INSERT INTO onchain.governance_module (governance_module_address, dao_chain_id, dao_address, governance_module_name, governance_module_description) VALUES ('0xa4cb1ef9cb2f948e5af17c569bcf8fbe21ab983b', 137, '0xfcfb9fd7638d9e93d5640b1339217a3f99db9253', NULL, NULL);
INSERT INTO onchain.governance_module (governance_module_address, dao_chain_id, dao_address, governance_module_name, governance_module_description) VALUES ('0xc65593773774ab9de1ac90e9e5c6a6e8b38883e0', 8453, '0xf10e1d95172a7fe7f2680a3b8920db435ce187c6', NULL, NULL);
INSERT INTO onchain.governance_module (governance_module_address, dao_chain_id, dao_address, governance_module_name, governance_module_description) VALUES ('0xdbe28557e15a1a4ebfa062eda627c840cdad586c', 137, '0x9a745b0ffbab4563b76af03673741f1ead005585', NULL, NULL);
INSERT INTO onchain.governance_module (governance_module_address, dao_chain_id, dao_address, governance_module_name, governance_module_description) VALUES ('0xa284d0d9be135927b672a6eb0c34c33ee3b8d72c', 137, '0x3d35fb663b7d6923375d13f97a757f6db4807dc2', NULL, NULL);
INSERT INTO onchain.governance_module (governance_module_address, dao_chain_id, dao_address, governance_module_name, governance_module_description) VALUES ('0x73a1ece16f586a72e4336c4ff1970160c017347d', 137, '0x15e9b17427e7f879467df6f1041e7cc40edc7f50', NULL, NULL);
INSERT INTO onchain.governance_module (governance_module_address, dao_chain_id, dao_address, governance_module_name, governance_module_description) VALUES ('0xb0d71cecfd59f42930f0f83ffd7a1bc7e85c25d3', 137, '0x318d9e015c5e8050a24f5a44639a77b9863a470f', NULL, NULL);
INSERT INTO onchain.governance_module (governance_module_address, dao_chain_id, dao_address, governance_module_name, governance_module_description) VALUES ('0x61c87039a4bf5e842d5ac88b2700e27f4d821b10', 137, '0x823e0bd035e166cc7d47ac8f48c851a1f1ee0c61', NULL, NULL);
INSERT INTO onchain.governance_module (governance_module_address, dao_chain_id, dao_address, governance_module_name, governance_module_description) VALUES ('0x40560cbb5d5d739341c88e0a3344ea1fb1b1b5d2', 8453, '0x022617b5fd50a2123117b12f063e7f81ab398a80', NULL, NULL);
INSERT INTO onchain.governance_module (governance_module_address, dao_chain_id, dao_address, governance_module_name, governance_module_description) VALUES ('0x5c84088a87b82b3a86305fcd12d9f0a9f35a5e39', 10, '0x19d7351faf72a66afabe7eb2bb2c8b6d795949ce', NULL, NULL);
INSERT INTO onchain.governance_module (governance_module_address, dao_chain_id, dao_address, governance_module_name, governance_module_description) VALUES ('0x8ae91cc26fdb625ef9c10b234f42f83a69118225', 1, '0x9a32279f282781996224be26a9b6a5cd8dde26ac', NULL, NULL);
INSERT INTO onchain.governance_module (governance_module_address, dao_chain_id, dao_address, governance_module_name, governance_module_description) VALUES ('0x37f899ca5e0b3a58d129da3ada9996085be0e822', 137, '0x773d3f66f5ba2551224243ab828fbac278558301', NULL, NULL);
INSERT INTO onchain.governance_module (governance_module_address, dao_chain_id, dao_address, governance_module_name, governance_module_description) VALUES ('0x21ba04df6d622b126f1f2a193df8838c94f0b205', 137, '0xec6ed2185bda5876851cfbb93b71fda1af3b2840', NULL, NULL);
INSERT INTO onchain.governance_module (governance_module_address, dao_chain_id, dao_address, governance_module_name, governance_module_description) VALUES ('0x2c6274c3514eb9512266f4a38433787ee2a62bdc', 137, '0xd0291685d1e3a033edec71b6624d58c57b8dda2d', NULL, NULL);
INSERT INTO onchain.governance_module (governance_module_address, dao_chain_id, dao_address, governance_module_name, governance_module_description) VALUES ('0x4bf1d32357327d10e4932dfd8e3b95dbfbfaff84', 137, '0xe5df721ba25c5f95eb80c24fc9179b574e68b4a3', NULL, NULL);


--
-- Data for Name: signer; Type: TABLE DATA; Schema: onchain; Owner: -
--

INSERT INTO onchain.signer (signer_address, signer_label) VALUES ('0x2ff38090312d6c25cead47cf7dda5c0af312df25', NULL);
INSERT INTO onchain.signer (signer_address, signer_label) VALUES ('0xc8375cc2c5fa34eba6ac386feccabae1e51158c8', NULL);
INSERT INTO onchain.signer (signer_address, signer_label) VALUES ('0xd03272d8d61e2f19472b2529495f59bb67669287', NULL);
INSERT INTO onchain.signer (signer_address, signer_label) VALUES ('0x755595255ffa0944311745e87e8ab8bcdd90dbf3', NULL);
INSERT INTO onchain.signer (signer_address, signer_label) VALUES ('0x5dee86b297755b3f2ce65e09ba3a700579a9020b', NULL);
INSERT INTO onchain.signer (signer_address, signer_label) VALUES ('0x4b41bddeb977d2d9976cf66ae0e9ecaed1603e93', NULL);
INSERT INTO onchain.signer (signer_address, signer_label) VALUES ('0x6f7edf752b5b4b1b47b8e00c126d55399235e941', NULL);
INSERT INTO onchain.signer (signer_address, signer_label) VALUES ('0x9dbde6057ad59cb07fc83170f7d1f06dd4afee93', NULL);
INSERT INTO onchain.signer (signer_address, signer_label) VALUES ('0x8e2695650d09fd940516d6e050d0ba87d8def032', NULL);
INSERT INTO onchain.signer (signer_address, signer_label) VALUES ('0xb89a55de286b27a7c51c24c3ef3149495d002fe4', NULL);
INSERT INTO onchain.signer (signer_address, signer_label) VALUES ('0xa5127d4302857f9472ccc28ed68de47eefac01e1', NULL);
INSERT INTO onchain.signer (signer_address, signer_label) VALUES ('0x06e1be97502c99500a8e77fbc8089f414033eb59', NULL);
INSERT INTO onchain.signer (signer_address, signer_label) VALUES ('0x000000000000000000000000000000000f2ac7a1', NULL);
INSERT INTO onchain.signer (signer_address, signer_label) VALUES ('0xaa6bfa174d2f803b517026e93dbbec1eba26258e', NULL);
INSERT INTO onchain.signer (signer_address, signer_label) VALUES ('0x244265a76901b8030b140a2996e6dd4703cbf20f', NULL);
INSERT INTO onchain.signer (signer_address, signer_label) VALUES ('0xe294dc2cbb49472be1cf2beeff971d45859bb89c', NULL);
INSERT INTO onchain.signer (signer_address, signer_label) VALUES ('0xfeb9bdcf0b5eec884777222d58583b1569400585', NULL);
INSERT INTO onchain.signer (signer_address, signer_label) VALUES ('0x940c3f972c6eebf21d30e8fc86dcaf95f4dd5e28', NULL);
INSERT INTO onchain.signer (signer_address, signer_label) VALUES ('0x9354209b880ac0abb02821cb3915a6eeb9a9336c', NULL);
INSERT INTO onchain.signer (signer_address, signer_label) VALUES ('0x4d6caa3e0983fac7b514d60339ebb538c5a85aae', NULL);
INSERT INTO onchain.signer (signer_address, signer_label) VALUES ('0xf1c7c037891525e360c59f708739ac09a7670c59', NULL);
INSERT INTO onchain.signer (signer_address, signer_label) VALUES ('0xf01e198662c8a81b9aaffb2ce5aa0283af11f5ab', NULL);
INSERT INTO onchain.signer (signer_address, signer_label) VALUES ('0xf26d75b2fc048f1f6c793ae9f939fa0946a0e104', NULL);
INSERT INTO onchain.signer (signer_address, signer_label) VALUES ('0xa886c0c3aacdea26ae29fb7ee6056874e6128622', NULL);
INSERT INTO onchain.signer (signer_address, signer_label) VALUES ('0x6633daf7a5832a4eb932439f0c6ae62edf9fe7b3', NULL);
INSERT INTO onchain.signer (signer_address, signer_label) VALUES ('0xf49a269d3cadb5a561c85930d430a30d836e2669', NULL);
INSERT INTO onchain.signer (signer_address, signer_label) VALUES ('0x60a18e7c1a6ef5d4d3a69062a8cdd1396ced4b23', NULL);
INSERT INTO onchain.signer (signer_address, signer_label) VALUES ('0x92b964b8b4b640e7fd3b51f5fb300aa036acf047', NULL);
INSERT INTO onchain.signer (signer_address, signer_label) VALUES ('0xa32d31cc8877bb7961d84156ee4dade6872ebe15', NULL);
INSERT INTO onchain.signer (signer_address, signer_label) VALUES ('0x99f8504b0bc8b9bdadc9be99c8f103091fb3ed01', NULL);
INSERT INTO onchain.signer (signer_address, signer_label) VALUES ('0xd5e9d8e4384ed9f54dc991280fe7fa1d4a99caa4', NULL);
INSERT INTO onchain.signer (signer_address, signer_label) VALUES ('0xdf4bf994c3097d07538464bfd75280ac861eaf3c', NULL);
INSERT INTO onchain.signer (signer_address, signer_label) VALUES ('0x0000000000000000000000000000000000000002', NULL);
INSERT INTO onchain.signer (signer_address, signer_label) VALUES ('0x01eacadf51ff60916157e32a58f640fe854e530f', NULL);
INSERT INTO onchain.signer (signer_address, signer_label) VALUES ('0x6ee54aae8ffd794b70dc9fb33845a5172d0eecf7', NULL);
INSERT INTO onchain.signer (signer_address, signer_label) VALUES ('0x22996b929510142c95fcda8aa59ef2a257057d47', NULL);
INSERT INTO onchain.signer (signer_address, signer_label) VALUES ('0xe03513898e041bfa68292ad8992b2d781ae738d9', NULL);
INSERT INTO onchain.signer (signer_address, signer_label) VALUES ('0x9415098fc6684f2ef80730419ec54999c5c84825', NULL);
INSERT INTO onchain.signer (signer_address, signer_label) VALUES ('0xcb4d8f23c078530005bbe2365ee8a6a3a40b9233', NULL);
INSERT INTO onchain.signer (signer_address, signer_label) VALUES ('0x019749fd9bb452500025aa01d14d5c8290690a44', NULL);
INSERT INTO onchain.signer (signer_address, signer_label) VALUES ('0xb0f52106608331295212489cc88b5cd605145aab', NULL);
INSERT INTO onchain.signer (signer_address, signer_label) VALUES ('0xcb22f5246d9075dd588c0b98f78ca2e0ba4c7356', NULL);
INSERT INTO onchain.signer (signer_address, signer_label) VALUES ('0xc88599f6bd1bb70c43478a6ca01b0f2f6a8127d4', NULL);
INSERT INTO onchain.signer (signer_address, signer_label) VALUES ('0x63607f2b2afe85214f0ddfd74dcd732459a3ebf9', NULL);
INSERT INTO onchain.signer (signer_address, signer_label) VALUES ('0x44afe4eac617e0e752864c35febf15aa00b6104b', NULL);
INSERT INTO onchain.signer (signer_address, signer_label) VALUES ('0x532b73c94e198ee7e63c513c719c57fc3495b8e3', NULL);
INSERT INTO onchain.signer (signer_address, signer_label) VALUES ('0x30f48cdd4325cb707ec7926f22536e6e0dfae01f', NULL);
INSERT INTO onchain.signer (signer_address, signer_label) VALUES ('0xf3d4ef9c67bbdb40e7a16975a8a8a4d8e41df8d9', NULL);
INSERT INTO onchain.signer (signer_address, signer_label) VALUES ('0xb1cbfab1c807e576530d187fe2c250f944df7597', NULL);
INSERT INTO onchain.signer (signer_address, signer_label) VALUES ('0x04f2ce722ae76e3bdcf1401f87fe1fe63766c4c1', NULL);
INSERT INTO onchain.signer (signer_address, signer_label) VALUES ('0x4cc93ebb24bc1660d5b41ff9ec8ca480a0a94c36', NULL);
INSERT INTO onchain.signer (signer_address, signer_label) VALUES ('0x85543b7024393ae98da26d9136002976d0cf4158', NULL);
INSERT INTO onchain.signer (signer_address, signer_label) VALUES ('0xb6c0af3f10f6ad307a5205f741ec68d02c6fa548', NULL);
INSERT INTO onchain.signer (signer_address, signer_label) VALUES ('0xfec6837e96faa1596ab85977c163975305c7709c', NULL);
INSERT INTO onchain.signer (signer_address, signer_label) VALUES ('0x2884b7bf17ca966bb2e4099bf384734a48885df0', NULL);
INSERT INTO onchain.signer (signer_address, signer_label) VALUES ('0x1019236722517506732d92dac0f7b9b4ed993d8d', NULL);
INSERT INTO onchain.signer (signer_address, signer_label) VALUES ('0x0b8eee99b1804f5a5c851c37dacc5cd3b623d12a', NULL);
INSERT INTO onchain.signer (signer_address, signer_label) VALUES ('0x86c17354b7af70cd2aabe8a7020d6dd58644272b', NULL);
INSERT INTO onchain.signer (signer_address, signer_label) VALUES ('0x14b60e8608b5cb3cd17311acaea1b05a4f4e61be', NULL);
INSERT INTO onchain.signer (signer_address, signer_label) VALUES ('0xfcf7a2794d066110162addce3085dfd6221d4ddd', NULL);
INSERT INTO onchain.signer (signer_address, signer_label) VALUES ('0x16755d46cf678588df535f2991e4c53a4dddc437', NULL);
INSERT INTO onchain.signer (signer_address, signer_label) VALUES ('0x7599c84f0e1891c351ffbe6797864a06bd9d6ed5', NULL);
INSERT INTO onchain.signer (signer_address, signer_label) VALUES ('0x0fe11cf358fe883069ed25e82168a12ed8f6076e', NULL);
INSERT INTO onchain.signer (signer_address, signer_label) VALUES ('0x0784fba6150a1334365e6fc27bb37c6370489cba', NULL);
INSERT INTO onchain.signer (signer_address, signer_label) VALUES ('0x1289e52a19f633a1be26a42235cc5b9dfde486cc', NULL);
INSERT INTO onchain.signer (signer_address, signer_label) VALUES ('0x8e6f1f26173ea77e2ea666f9f6333e3881596c52', NULL);
INSERT INTO onchain.signer (signer_address, signer_label) VALUES ('0xa88b37a1090e9698e7a4db71a51edd3033577d10', NULL);
INSERT INTO onchain.signer (signer_address, signer_label) VALUES ('0x324f18afc0897dbd96b6ddf408c99c5542b37ede', NULL);
INSERT INTO onchain.signer (signer_address, signer_label) VALUES ('0x36dfcc60b74b9d15881d8a4a622bae6b85907c81', NULL);
INSERT INTO onchain.signer (signer_address, signer_label) VALUES ('0x2c9dcd1f74ef3819f89f57f48694d88bcf665154', NULL);
INSERT INTO onchain.signer (signer_address, signer_label) VALUES ('0x22d9df1a44275956927b4ffba4371840c858bae6', NULL);
INSERT INTO onchain.signer (signer_address, signer_label) VALUES ('0xe03850fb749fd6d0173ff350b96558c09d5101c3', NULL);
INSERT INTO onchain.signer (signer_address, signer_label) VALUES ('0xce217675e8f327e0aa7b163f480978db3b322d9d', NULL);
INSERT INTO onchain.signer (signer_address, signer_label) VALUES ('0xb687d659da095394e5524ca1bb22e70da28cf059', NULL);
INSERT INTO onchain.signer (signer_address, signer_label) VALUES ('0x43103e084c880b4190b08caa4e06587473ebe8da', NULL);
INSERT INTO onchain.signer (signer_address, signer_label) VALUES ('0x4aa8d01e7185e08fbb8a3cbd76726b49da6710ed', NULL);
INSERT INTO onchain.signer (signer_address, signer_label) VALUES ('0xce9dbc16b1938c2a5b212ce58ba6108a3d9fd0ce', NULL);
INSERT INTO onchain.signer (signer_address, signer_label) VALUES ('0x5847244945e6588e32e346ddf7b47fb140e205ba', NULL);
INSERT INTO onchain.signer (signer_address, signer_label) VALUES ('0x992049cc0f63d4c48420c7a76f5c26f923d81b44', NULL);
INSERT INTO onchain.signer (signer_address, signer_label) VALUES ('0x4e0775bb271cb800fb6f695d7f676e26dabb394a', NULL);
INSERT INTO onchain.signer (signer_address, signer_label) VALUES ('0xaf3ee09f37ead9f28a05aef0d09841bc9a6fe8e9', NULL);
INSERT INTO onchain.signer (signer_address, signer_label) VALUES ('0x7932dbb225b46f00671d47ee60587492dd1cbcf0', NULL);
INSERT INTO onchain.signer (signer_address, signer_label) VALUES ('0x2eb538b37f8476787375cd3c05e37e8cf92e2983', NULL);
INSERT INTO onchain.signer (signer_address, signer_label) VALUES ('0xe570db1b40b89f4d7b7f119b61dbd6e916319fec', NULL);
INSERT INTO onchain.signer (signer_address, signer_label) VALUES ('0x1996d64d8f6e47a5bf6fb92246ef4efd6ae881e0', NULL);
INSERT INTO onchain.signer (signer_address, signer_label) VALUES ('0x8c05d0107a63e3f5b2ddf5a172b8f24166f58853', NULL);
INSERT INTO onchain.signer (signer_address, signer_label) VALUES ('0x25910143c255828f623786f46fe9a8941b7983bb', NULL);
INSERT INTO onchain.signer (signer_address, signer_label) VALUES ('0x974957529c376f75647615407f3aefda12576d0e', NULL);
INSERT INTO onchain.signer (signer_address, signer_label) VALUES ('0xd8853f27772fd64b08bc4d2cfe50471a822722c8', NULL);
INSERT INTO onchain.signer (signer_address, signer_label) VALUES ('0xb6420c6eae0325edba74845462c6760c6d706766', NULL);
INSERT INTO onchain.signer (signer_address, signer_label) VALUES ('0xa4cb1ef9cb2f948e5af17c569bcf8fbe21ab983b', NULL);
INSERT INTO onchain.signer (signer_address, signer_label) VALUES ('0xc65593773774ab9de1ac90e9e5c6a6e8b38883e0', NULL);
INSERT INTO onchain.signer (signer_address, signer_label) VALUES ('0xdbe28557e15a1a4ebfa062eda627c840cdad586c', NULL);
INSERT INTO onchain.signer (signer_address, signer_label) VALUES ('0xa284d0d9be135927b672a6eb0c34c33ee3b8d72c', NULL);
INSERT INTO onchain.signer (signer_address, signer_label) VALUES ('0x73a1ece16f586a72e4336c4ff1970160c017347d', NULL);
INSERT INTO onchain.signer (signer_address, signer_label) VALUES ('0xb0d71cecfd59f42930f0f83ffd7a1bc7e85c25d3', NULL);
INSERT INTO onchain.signer (signer_address, signer_label) VALUES ('0x61c87039a4bf5e842d5ac88b2700e27f4d821b10', NULL);
INSERT INTO onchain.signer (signer_address, signer_label) VALUES ('0x40560cbb5d5d739341c88e0a3344ea1fb1b1b5d2', NULL);
INSERT INTO onchain.signer (signer_address, signer_label) VALUES ('0x5c84088a87b82b3a86305fcd12d9f0a9f35a5e39', NULL);
INSERT INTO onchain.signer (signer_address, signer_label) VALUES ('0x8ae91cc26fdb625ef9c10b234f42f83a69118225', NULL);
INSERT INTO onchain.signer (signer_address, signer_label) VALUES ('0x37f899ca5e0b3a58d129da3ada9996085be0e822', NULL);
INSERT INTO onchain.signer (signer_address, signer_label) VALUES ('0x21ba04df6d622b126f1f2a193df8838c94f0b205', NULL);
INSERT INTO onchain.signer (signer_address, signer_label) VALUES ('0x2c6274c3514eb9512266f4a38433787ee2a62bdc', NULL);
INSERT INTO onchain.signer (signer_address, signer_label) VALUES ('0x4bf1d32357327d10e4932dfd8e3b95dbfbfaff84', NULL);


--
-- Data for Name: signer_to_dao; Type: TABLE DATA; Schema: onchain; Owner: -
--

INSERT INTO onchain.signer_to_dao (std_signer_address, std_dao_chain_id, std_dao_address) VALUES ('0x2ff38090312d6c25cead47cf7dda5c0af312df25', 1, '0xdd6cefa62239272f1edf755ba6471eacb7df2fa5');
INSERT INTO onchain.signer_to_dao (std_signer_address, std_dao_chain_id, std_dao_address) VALUES ('0xc8375cc2c5fa34eba6ac386feccabae1e51158c8', 1, '0xdd6cefa62239272f1edf755ba6471eacb7df2fa5');
INSERT INTO onchain.signer_to_dao (std_signer_address, std_dao_chain_id, std_dao_address) VALUES ('0xd03272d8d61e2f19472b2529495f59bb67669287', 1, '0xd26c85d435f02dab8b220cd4d2d398f6f646e235');
INSERT INTO onchain.signer_to_dao (std_signer_address, std_dao_chain_id, std_dao_address) VALUES ('0x755595255ffa0944311745e87e8ab8bcdd90dbf3', 1, '0xd26c85d435f02dab8b220cd4d2d398f6f646e235');
INSERT INTO onchain.signer_to_dao (std_signer_address, std_dao_chain_id, std_dao_address) VALUES ('0x5dee86b297755b3f2ce65e09ba3a700579a9020b', 1, '0xd26c85d435f02dab8b220cd4d2d398f6f646e235');
INSERT INTO onchain.signer_to_dao (std_signer_address, std_dao_chain_id, std_dao_address) VALUES ('0x2ff38090312d6c25cead47cf7dda5c0af312df25', 1, '0x574f4bc0ccebef9f5b946a13ff16f931c16de22b');
INSERT INTO onchain.signer_to_dao (std_signer_address, std_dao_chain_id, std_dao_address) VALUES ('0xc8375cc2c5fa34eba6ac386feccabae1e51158c8', 1, '0x574f4bc0ccebef9f5b946a13ff16f931c16de22b');
INSERT INTO onchain.signer_to_dao (std_signer_address, std_dao_chain_id, std_dao_address) VALUES ('0x2ff38090312d6c25cead47cf7dda5c0af312df25', 1, '0x6bbdf95cab8397b4cd1eb4d7a7f706365f077f61');
INSERT INTO onchain.signer_to_dao (std_signer_address, std_dao_chain_id, std_dao_address) VALUES ('0xc8375cc2c5fa34eba6ac386feccabae1e51158c8', 1, '0x6bbdf95cab8397b4cd1eb4d7a7f706365f077f61');
INSERT INTO onchain.signer_to_dao (std_signer_address, std_dao_chain_id, std_dao_address) VALUES ('0x4b41bddeb977d2d9976cf66ae0e9ecaed1603e93', 1, '0x6bbdf95cab8397b4cd1eb4d7a7f706365f077f61');
INSERT INTO onchain.signer_to_dao (std_signer_address, std_dao_chain_id, std_dao_address) VALUES ('0x6f7edf752b5b4b1b47b8e00c126d55399235e941', 1, '0x6bbdf95cab8397b4cd1eb4d7a7f706365f077f61');
INSERT INTO onchain.signer_to_dao (std_signer_address, std_dao_chain_id, std_dao_address) VALUES ('0x9dbde6057ad59cb07fc83170f7d1f06dd4afee93', 137, '0xa312a22ac5e99c7c9a5bca3cced4d9412b1c4123');
INSERT INTO onchain.signer_to_dao (std_signer_address, std_dao_chain_id, std_dao_address) VALUES ('0x8e2695650d09fd940516d6e050d0ba87d8def032', 137, '0x3983bc13cfb4c8ca7a16790021be8e1f5a84286d');
INSERT INTO onchain.signer_to_dao (std_signer_address, std_dao_chain_id, std_dao_address) VALUES ('0x4b41bddeb977d2d9976cf66ae0e9ecaed1603e93', 1, '0x9494b69fa25d0f214f6a3878848ce18ef57db86a');
INSERT INTO onchain.signer_to_dao (std_signer_address, std_dao_chain_id, std_dao_address) VALUES ('0x2ff38090312d6c25cead47cf7dda5c0af312df25', 1, '0x9494b69fa25d0f214f6a3878848ce18ef57db86a');
INSERT INTO onchain.signer_to_dao (std_signer_address, std_dao_chain_id, std_dao_address) VALUES ('0x2ff38090312d6c25cead47cf7dda5c0af312df25', 1, '0xd02c87766b2a8c34e15e5a3ef3950ddd58d27c2e');
INSERT INTO onchain.signer_to_dao (std_signer_address, std_dao_chain_id, std_dao_address) VALUES ('0x4b41bddeb977d2d9976cf66ae0e9ecaed1603e93', 1, '0xd02c87766b2a8c34e15e5a3ef3950ddd58d27c2e');
INSERT INTO onchain.signer_to_dao (std_signer_address, std_dao_chain_id, std_dao_address) VALUES ('0x2ff38090312d6c25cead47cf7dda5c0af312df25', 1, '0x42de6e6e7dbd18e01554aea345c6cce756bd0f08');
INSERT INTO onchain.signer_to_dao (std_signer_address, std_dao_chain_id, std_dao_address) VALUES ('0x4b41bddeb977d2d9976cf66ae0e9ecaed1603e93', 1, '0x42de6e6e7dbd18e01554aea345c6cce756bd0f08');
INSERT INTO onchain.signer_to_dao (std_signer_address, std_dao_chain_id, std_dao_address) VALUES ('0x2ff38090312d6c25cead47cf7dda5c0af312df25', 1, '0x596cd2969b0621d5ecfa7c77aaf5726cb421b8ea');
INSERT INTO onchain.signer_to_dao (std_signer_address, std_dao_chain_id, std_dao_address) VALUES ('0x4b41bddeb977d2d9976cf66ae0e9ecaed1603e93', 1, '0x596cd2969b0621d5ecfa7c77aaf5726cb421b8ea');
INSERT INTO onchain.signer_to_dao (std_signer_address, std_dao_chain_id, std_dao_address) VALUES ('0x2ff38090312d6c25cead47cf7dda5c0af312df25', 1, '0xbc14bee869d0fa6a0091939e0c7b5931bf6e2dfb');
INSERT INTO onchain.signer_to_dao (std_signer_address, std_dao_chain_id, std_dao_address) VALUES ('0x4b41bddeb977d2d9976cf66ae0e9ecaed1603e93', 1, '0xbc14bee869d0fa6a0091939e0c7b5931bf6e2dfb');
INSERT INTO onchain.signer_to_dao (std_signer_address, std_dao_chain_id, std_dao_address) VALUES ('0xb89a55de286b27a7c51c24c3ef3149495d002fe4', 137, '0x1d10c27184019e49ac673f421fae6fce09dd8252');
INSERT INTO onchain.signer_to_dao (std_signer_address, std_dao_chain_id, std_dao_address) VALUES ('0xa5127d4302857f9472ccc28ed68de47eefac01e1', 137, '0x5270e796b5e367484babe9e83645a321426e34f9');
INSERT INTO onchain.signer_to_dao (std_signer_address, std_dao_chain_id, std_dao_address) VALUES ('0x8e2695650d09fd940516d6e050d0ba87d8def032', 137, '0x6ce2c19d36f71f8870dce232c5715977fef9f51d');
INSERT INTO onchain.signer_to_dao (std_signer_address, std_dao_chain_id, std_dao_address) VALUES ('0x06e1be97502c99500a8e77fbc8089f414033eb59', 1, '0xdd61bbc291f7dc563545906da13353afcfb54544');
INSERT INTO onchain.signer_to_dao (std_signer_address, std_dao_chain_id, std_dao_address) VALUES ('0x000000000000000000000000000000000f2ac7a1', 1, '0xb63ae0cbc7b0810e42fb2acbac0902e8dcd257a8');
INSERT INTO onchain.signer_to_dao (std_signer_address, std_dao_chain_id, std_dao_address) VALUES ('0x000000000000000000000000000000000f2ac7a1', 1, '0xb98d45f9021d71e6fc30b43fd37fb3b1bf12c064');
INSERT INTO onchain.signer_to_dao (std_signer_address, std_dao_chain_id, std_dao_address) VALUES ('0xaa6bfa174d2f803b517026e93dbbec1eba26258e', 1, '0x36bd3044ab68f600f6d3e081056f34f2a58432c4');
INSERT INTO onchain.signer_to_dao (std_signer_address, std_dao_chain_id, std_dao_address) VALUES ('0x244265a76901b8030b140a2996e6dd4703cbf20f', 1, '0xec56e0870f19e3b1a6b051f679cf365e67f7f9fe');
INSERT INTO onchain.signer_to_dao (std_signer_address, std_dao_chain_id, std_dao_address) VALUES ('0xe294dc2cbb49472be1cf2beeff971d45859bb89c', 1, '0xec56e0870f19e3b1a6b051f679cf365e67f7f9fe');
INSERT INTO onchain.signer_to_dao (std_signer_address, std_dao_chain_id, std_dao_address) VALUES ('0xfeb9bdcf0b5eec884777222d58583b1569400585', 1, '0xec56e0870f19e3b1a6b051f679cf365e67f7f9fe');
INSERT INTO onchain.signer_to_dao (std_signer_address, std_dao_chain_id, std_dao_address) VALUES ('0x940c3f972c6eebf21d30e8fc86dcaf95f4dd5e28', 1, '0xec56e0870f19e3b1a6b051f679cf365e67f7f9fe');
INSERT INTO onchain.signer_to_dao (std_signer_address, std_dao_chain_id, std_dao_address) VALUES ('0x9354209b880ac0abb02821cb3915a6eeb9a9336c', 1, '0xec56e0870f19e3b1a6b051f679cf365e67f7f9fe');
INSERT INTO onchain.signer_to_dao (std_signer_address, std_dao_chain_id, std_dao_address) VALUES ('0x4d6caa3e0983fac7b514d60339ebb538c5a85aae', 1, '0x0f9a68c48f10564bbf6d1e4d06328c27d9647f21');
INSERT INTO onchain.signer_to_dao (std_signer_address, std_dao_chain_id, std_dao_address) VALUES ('0xf1c7c037891525e360c59f708739ac09a7670c59', 1, '0x0f9a68c48f10564bbf6d1e4d06328c27d9647f21');
INSERT INTO onchain.signer_to_dao (std_signer_address, std_dao_chain_id, std_dao_address) VALUES ('0x4d6caa3e0983fac7b514d60339ebb538c5a85aae', 1, '0xdd452ba265dfed7dc64492c61642abcdbd969797');
INSERT INTO onchain.signer_to_dao (std_signer_address, std_dao_chain_id, std_dao_address) VALUES ('0xf1c7c037891525e360c59f708739ac09a7670c59', 1, '0xdd452ba265dfed7dc64492c61642abcdbd969797');
INSERT INTO onchain.signer_to_dao (std_signer_address, std_dao_chain_id, std_dao_address) VALUES ('0xf01e198662c8a81b9aaffb2ce5aa0283af11f5ab', 137, '0xa4cf2b2675fca419deef58c6cbe81942b63472df');
INSERT INTO onchain.signer_to_dao (std_signer_address, std_dao_chain_id, std_dao_address) VALUES ('0x4d6caa3e0983fac7b514d60339ebb538c5a85aae', 1, '0x4cad5a83d4f3fa8233e1bee010d6313f74aff026');
INSERT INTO onchain.signer_to_dao (std_signer_address, std_dao_chain_id, std_dao_address) VALUES ('0xf1c7c037891525e360c59f708739ac09a7670c59', 1, '0x4cad5a83d4f3fa8233e1bee010d6313f74aff026');
INSERT INTO onchain.signer_to_dao (std_signer_address, std_dao_chain_id, std_dao_address) VALUES ('0xf26d75b2fc048f1f6c793ae9f939fa0946a0e104', 1, '0x476f235a78ce72c6e7e9b186391c6628a96fea7d');
INSERT INTO onchain.signer_to_dao (std_signer_address, std_dao_chain_id, std_dao_address) VALUES ('0x4d6caa3e0983fac7b514d60339ebb538c5a85aae', 1, '0x476f235a78ce72c6e7e9b186391c6628a96fea7d');
INSERT INTO onchain.signer_to_dao (std_signer_address, std_dao_chain_id, std_dao_address) VALUES ('0xf1c7c037891525e360c59f708739ac09a7670c59', 1, '0x476f235a78ce72c6e7e9b186391c6628a96fea7d');
INSERT INTO onchain.signer_to_dao (std_signer_address, std_dao_chain_id, std_dao_address) VALUES ('0xf1c7c037891525e360c59f708739ac09a7670c59', 1, '0x8ba7a5cf78fecc9f85fdd868b800182c50f0d970');
INSERT INTO onchain.signer_to_dao (std_signer_address, std_dao_chain_id, std_dao_address) VALUES ('0xf26d75b2fc048f1f6c793ae9f939fa0946a0e104', 1, '0x8ba7a5cf78fecc9f85fdd868b800182c50f0d970');
INSERT INTO onchain.signer_to_dao (std_signer_address, std_dao_chain_id, std_dao_address) VALUES ('0x4d6caa3e0983fac7b514d60339ebb538c5a85aae', 1, '0x8ba7a5cf78fecc9f85fdd868b800182c50f0d970');
INSERT INTO onchain.signer_to_dao (std_signer_address, std_dao_chain_id, std_dao_address) VALUES ('0xf26d75b2fc048f1f6c793ae9f939fa0946a0e104', 1, '0xdbc4ae5c0fdc921ee08b44031d6da081de1d6485');
INSERT INTO onchain.signer_to_dao (std_signer_address, std_dao_chain_id, std_dao_address) VALUES ('0xa886c0c3aacdea26ae29fb7ee6056874e6128622', 137, '0x07928871059730fd70bb44ad9f9f5ac225c52c73');
INSERT INTO onchain.signer_to_dao (std_signer_address, std_dao_chain_id, std_dao_address) VALUES ('0x6633daf7a5832a4eb932439f0c6ae62edf9fe7b3', 137, '0x07928871059730fd70bb44ad9f9f5ac225c52c73');
INSERT INTO onchain.signer_to_dao (std_signer_address, std_dao_chain_id, std_dao_address) VALUES ('0xf26d75b2fc048f1f6c793ae9f939fa0946a0e104', 8453, '0x26e445c2bddf80e2c814af54e4cd6b83fbc6bfff');
INSERT INTO onchain.signer_to_dao (std_signer_address, std_dao_chain_id, std_dao_address) VALUES ('0xf49a269d3cadb5a561c85930d430a30d836e2669', 10, '0xb6810e65ee747d03940ca712673a8f190af1ee1d');
INSERT INTO onchain.signer_to_dao (std_signer_address, std_dao_chain_id, std_dao_address) VALUES ('0xf26d75b2fc048f1f6c793ae9f939fa0946a0e104', 1, '0xd7eac04cf0c363a5c8504bd4c786dee7df11ebd3');
INSERT INTO onchain.signer_to_dao (std_signer_address, std_dao_chain_id, std_dao_address) VALUES ('0xf26d75b2fc048f1f6c793ae9f939fa0946a0e104', 1, '0x77accf447c497e37ee1351d0959d1a110d2f8235');
INSERT INTO onchain.signer_to_dao (std_signer_address, std_dao_chain_id, std_dao_address) VALUES ('0xf26d75b2fc048f1f6c793ae9f939fa0946a0e104', 1, '0x0099df6ad8b63d2d8b9301aa8f2a3f764b6f9c86');
INSERT INTO onchain.signer_to_dao (std_signer_address, std_dao_chain_id, std_dao_address) VALUES ('0x60a18e7c1a6ef5d4d3a69062a8cdd1396ced4b23', 1, '0x0be42bff08c213f9046f7f3f7f0d3d1965cde097');
INSERT INTO onchain.signer_to_dao (std_signer_address, std_dao_chain_id, std_dao_address) VALUES ('0x92b964b8b4b640e7fd3b51f5fb300aa036acf047', 1, '0x0be42bff08c213f9046f7f3f7f0d3d1965cde097');
INSERT INTO onchain.signer_to_dao (std_signer_address, std_dao_chain_id, std_dao_address) VALUES ('0xa32d31cc8877bb7961d84156ee4dade6872ebe15', 8453, '0x78f04fea2d3ba01639ef927193511db72d0a4405');
INSERT INTO onchain.signer_to_dao (std_signer_address, std_dao_chain_id, std_dao_address) VALUES ('0x99f8504b0bc8b9bdadc9be99c8f103091fb3ed01', 1, '0xf3c054cbf103351feca36b300e56af36b44c3ac5');
INSERT INTO onchain.signer_to_dao (std_signer_address, std_dao_chain_id, std_dao_address) VALUES ('0xd5e9d8e4384ed9f54dc991280fe7fa1d4a99caa4', 8453, '0x142b8f210eaf06e906aef00f7b27253a5655ad2d');
INSERT INTO onchain.signer_to_dao (std_signer_address, std_dao_chain_id, std_dao_address) VALUES ('0xdf4bf994c3097d07538464bfd75280ac861eaf3c', 137, '0x12ef6da06209f74725049f1dbba6c961e7bb36cc');
INSERT INTO onchain.signer_to_dao (std_signer_address, std_dao_chain_id, std_dao_address) VALUES ('0x0000000000000000000000000000000000000002', 1, '0xbf1a121a3ddd82b34f15aae3fa1f53e4d29dbf7b');
INSERT INTO onchain.signer_to_dao (std_signer_address, std_dao_chain_id, std_dao_address) VALUES ('0x01eacadf51ff60916157e32a58f640fe854e530f', 8453, '0xbc4d75485a83d3a749b8d6a1df7decb45524657e');
INSERT INTO onchain.signer_to_dao (std_signer_address, std_dao_chain_id, std_dao_address) VALUES ('0x6ee54aae8ffd794b70dc9fb33845a5172d0eecf7', 8453, '0x374d5a17d2433415c48c735a493f0523dab99041');
INSERT INTO onchain.signer_to_dao (std_signer_address, std_dao_chain_id, std_dao_address) VALUES ('0x22996b929510142c95fcda8aa59ef2a257057d47', 8453, '0x374d5a17d2433415c48c735a493f0523dab99041');
INSERT INTO onchain.signer_to_dao (std_signer_address, std_dao_chain_id, std_dao_address) VALUES ('0xf26d75b2fc048f1f6c793ae9f939fa0946a0e104', 8453, '0x374d5a17d2433415c48c735a493f0523dab99041');
INSERT INTO onchain.signer_to_dao (std_signer_address, std_dao_chain_id, std_dao_address) VALUES ('0xe03513898e041bfa68292ad8992b2d781ae738d9', 8453, '0x374d5a17d2433415c48c735a493f0523dab99041');
INSERT INTO onchain.signer_to_dao (std_signer_address, std_dao_chain_id, std_dao_address) VALUES ('0x6ee54aae8ffd794b70dc9fb33845a5172d0eecf7', 8453, '0xa240da76f7a98338f7fd4828e65abae3f7483635');
INSERT INTO onchain.signer_to_dao (std_signer_address, std_dao_chain_id, std_dao_address) VALUES ('0x22996b929510142c95fcda8aa59ef2a257057d47', 8453, '0xa240da76f7a98338f7fd4828e65abae3f7483635');
INSERT INTO onchain.signer_to_dao (std_signer_address, std_dao_chain_id, std_dao_address) VALUES ('0xf26d75b2fc048f1f6c793ae9f939fa0946a0e104', 8453, '0xa240da76f7a98338f7fd4828e65abae3f7483635');
INSERT INTO onchain.signer_to_dao (std_signer_address, std_dao_chain_id, std_dao_address) VALUES ('0xe03513898e041bfa68292ad8992b2d781ae738d9', 8453, '0xa240da76f7a98338f7fd4828e65abae3f7483635');
INSERT INTO onchain.signer_to_dao (std_signer_address, std_dao_chain_id, std_dao_address) VALUES ('0x6ee54aae8ffd794b70dc9fb33845a5172d0eecf7', 8453, '0x97095c46377f1790a5579e87a0db5144b411ffd5');
INSERT INTO onchain.signer_to_dao (std_signer_address, std_dao_chain_id, std_dao_address) VALUES ('0x22996b929510142c95fcda8aa59ef2a257057d47', 8453, '0x97095c46377f1790a5579e87a0db5144b411ffd5');
INSERT INTO onchain.signer_to_dao (std_signer_address, std_dao_chain_id, std_dao_address) VALUES ('0xf26d75b2fc048f1f6c793ae9f939fa0946a0e104', 8453, '0x97095c46377f1790a5579e87a0db5144b411ffd5');
INSERT INTO onchain.signer_to_dao (std_signer_address, std_dao_chain_id, std_dao_address) VALUES ('0xe03513898e041bfa68292ad8992b2d781ae738d9', 8453, '0x97095c46377f1790a5579e87a0db5144b411ffd5');
INSERT INTO onchain.signer_to_dao (std_signer_address, std_dao_chain_id, std_dao_address) VALUES ('0x6ee54aae8ffd794b70dc9fb33845a5172d0eecf7', 8453, '0x0c14aa2d34c0e13bbe441963e4de2eeaef4abed2');
INSERT INTO onchain.signer_to_dao (std_signer_address, std_dao_chain_id, std_dao_address) VALUES ('0x22996b929510142c95fcda8aa59ef2a257057d47', 8453, '0x0c14aa2d34c0e13bbe441963e4de2eeaef4abed2');
INSERT INTO onchain.signer_to_dao (std_signer_address, std_dao_chain_id, std_dao_address) VALUES ('0xf26d75b2fc048f1f6c793ae9f939fa0946a0e104', 8453, '0x0c14aa2d34c0e13bbe441963e4de2eeaef4abed2');
INSERT INTO onchain.signer_to_dao (std_signer_address, std_dao_chain_id, std_dao_address) VALUES ('0xe03513898e041bfa68292ad8992b2d781ae738d9', 8453, '0x0c14aa2d34c0e13bbe441963e4de2eeaef4abed2');
INSERT INTO onchain.signer_to_dao (std_signer_address, std_dao_chain_id, std_dao_address) VALUES ('0x6ee54aae8ffd794b70dc9fb33845a5172d0eecf7', 8453, '0x67a651de96c166789e8f008035cc3c0e34cfec02');
INSERT INTO onchain.signer_to_dao (std_signer_address, std_dao_chain_id, std_dao_address) VALUES ('0x22996b929510142c95fcda8aa59ef2a257057d47', 8453, '0x67a651de96c166789e8f008035cc3c0e34cfec02');
INSERT INTO onchain.signer_to_dao (std_signer_address, std_dao_chain_id, std_dao_address) VALUES ('0xf26d75b2fc048f1f6c793ae9f939fa0946a0e104', 8453, '0x67a651de96c166789e8f008035cc3c0e34cfec02');
INSERT INTO onchain.signer_to_dao (std_signer_address, std_dao_chain_id, std_dao_address) VALUES ('0xe03513898e041bfa68292ad8992b2d781ae738d9', 8453, '0x67a651de96c166789e8f008035cc3c0e34cfec02');
INSERT INTO onchain.signer_to_dao (std_signer_address, std_dao_chain_id, std_dao_address) VALUES ('0x6ee54aae8ffd794b70dc9fb33845a5172d0eecf7', 8453, '0xb6e0e47a06522ee04367a6a6e59bc6539af97122');
INSERT INTO onchain.signer_to_dao (std_signer_address, std_dao_chain_id, std_dao_address) VALUES ('0x22996b929510142c95fcda8aa59ef2a257057d47', 8453, '0xb6e0e47a06522ee04367a6a6e59bc6539af97122');
INSERT INTO onchain.signer_to_dao (std_signer_address, std_dao_chain_id, std_dao_address) VALUES ('0xf26d75b2fc048f1f6c793ae9f939fa0946a0e104', 8453, '0xb6e0e47a06522ee04367a6a6e59bc6539af97122');
INSERT INTO onchain.signer_to_dao (std_signer_address, std_dao_chain_id, std_dao_address) VALUES ('0xe03513898e041bfa68292ad8992b2d781ae738d9', 8453, '0xb6e0e47a06522ee04367a6a6e59bc6539af97122');
INSERT INTO onchain.signer_to_dao (std_signer_address, std_dao_chain_id, std_dao_address) VALUES ('0x6ee54aae8ffd794b70dc9fb33845a5172d0eecf7', 8453, '0xcb51a67fa4919f1cb019b2a3eb7654b20c16adf3');
INSERT INTO onchain.signer_to_dao (std_signer_address, std_dao_chain_id, std_dao_address) VALUES ('0x22996b929510142c95fcda8aa59ef2a257057d47', 8453, '0xcb51a67fa4919f1cb019b2a3eb7654b20c16adf3');
INSERT INTO onchain.signer_to_dao (std_signer_address, std_dao_chain_id, std_dao_address) VALUES ('0xf26d75b2fc048f1f6c793ae9f939fa0946a0e104', 8453, '0xcb51a67fa4919f1cb019b2a3eb7654b20c16adf3');
INSERT INTO onchain.signer_to_dao (std_signer_address, std_dao_chain_id, std_dao_address) VALUES ('0xe03513898e041bfa68292ad8992b2d781ae738d9', 8453, '0xcb51a67fa4919f1cb019b2a3eb7654b20c16adf3');
INSERT INTO onchain.signer_to_dao (std_signer_address, std_dao_chain_id, std_dao_address) VALUES ('0xf26d75b2fc048f1f6c793ae9f939fa0946a0e104', 8453, '0x85bf3156c1a9336de889df4b84ad4d26e15ff835');
INSERT INTO onchain.signer_to_dao (std_signer_address, std_dao_chain_id, std_dao_address) VALUES ('0x22996b929510142c95fcda8aa59ef2a257057d47', 8453, '0x85bf3156c1a9336de889df4b84ad4d26e15ff835');
INSERT INTO onchain.signer_to_dao (std_signer_address, std_dao_chain_id, std_dao_address) VALUES ('0x9415098fc6684f2ef80730419ec54999c5c84825', 8453, '0x85bf3156c1a9336de889df4b84ad4d26e15ff835');
INSERT INTO onchain.signer_to_dao (std_signer_address, std_dao_chain_id, std_dao_address) VALUES ('0x6ee54aae8ffd794b70dc9fb33845a5172d0eecf7', 8453, '0x85bf3156c1a9336de889df4b84ad4d26e15ff835');
INSERT INTO onchain.signer_to_dao (std_signer_address, std_dao_chain_id, std_dao_address) VALUES ('0xf26d75b2fc048f1f6c793ae9f939fa0946a0e104', 8453, '0xf853e54a99925a05eeeb5767ed4c9fc6a82003c7');
INSERT INTO onchain.signer_to_dao (std_signer_address, std_dao_chain_id, std_dao_address) VALUES ('0x22996b929510142c95fcda8aa59ef2a257057d47', 8453, '0xf853e54a99925a05eeeb5767ed4c9fc6a82003c7');
INSERT INTO onchain.signer_to_dao (std_signer_address, std_dao_chain_id, std_dao_address) VALUES ('0xcb4d8f23c078530005bbe2365ee8a6a3a40b9233', 8453, '0xf853e54a99925a05eeeb5767ed4c9fc6a82003c7');
INSERT INTO onchain.signer_to_dao (std_signer_address, std_dao_chain_id, std_dao_address) VALUES ('0x6ee54aae8ffd794b70dc9fb33845a5172d0eecf7', 8453, '0xf853e54a99925a05eeeb5767ed4c9fc6a82003c7');
INSERT INTO onchain.signer_to_dao (std_signer_address, std_dao_chain_id, std_dao_address) VALUES ('0xf26d75b2fc048f1f6c793ae9f939fa0946a0e104', 8453, '0x5f45e3715b07a8c58897cc8afaa0b5b9de223e1b');
INSERT INTO onchain.signer_to_dao (std_signer_address, std_dao_chain_id, std_dao_address) VALUES ('0x22996b929510142c95fcda8aa59ef2a257057d47', 8453, '0x5f45e3715b07a8c58897cc8afaa0b5b9de223e1b');
INSERT INTO onchain.signer_to_dao (std_signer_address, std_dao_chain_id, std_dao_address) VALUES ('0x6ee54aae8ffd794b70dc9fb33845a5172d0eecf7', 8453, '0x5f45e3715b07a8c58897cc8afaa0b5b9de223e1b');
INSERT INTO onchain.signer_to_dao (std_signer_address, std_dao_chain_id, std_dao_address) VALUES ('0xcb4d8f23c078530005bbe2365ee8a6a3a40b9233', 8453, '0x5f45e3715b07a8c58897cc8afaa0b5b9de223e1b');
INSERT INTO onchain.signer_to_dao (std_signer_address, std_dao_chain_id, std_dao_address) VALUES ('0xf26d75b2fc048f1f6c793ae9f939fa0946a0e104', 8453, '0x48dec83a5aa719d1e7f6b9ce3f91ce6295859013');
INSERT INTO onchain.signer_to_dao (std_signer_address, std_dao_chain_id, std_dao_address) VALUES ('0x22996b929510142c95fcda8aa59ef2a257057d47', 8453, '0x48dec83a5aa719d1e7f6b9ce3f91ce6295859013');
INSERT INTO onchain.signer_to_dao (std_signer_address, std_dao_chain_id, std_dao_address) VALUES ('0x6ee54aae8ffd794b70dc9fb33845a5172d0eecf7', 8453, '0x48dec83a5aa719d1e7f6b9ce3f91ce6295859013');
INSERT INTO onchain.signer_to_dao (std_signer_address, std_dao_chain_id, std_dao_address) VALUES ('0x019749fd9bb452500025aa01d14d5c8290690a44', 8453, '0x48dec83a5aa719d1e7f6b9ce3f91ce6295859013');
INSERT INTO onchain.signer_to_dao (std_signer_address, std_dao_chain_id, std_dao_address) VALUES ('0xf26d75b2fc048f1f6c793ae9f939fa0946a0e104', 8453, '0x237dfa2223d34674afd3c8d1200bce2919f97417');
INSERT INTO onchain.signer_to_dao (std_signer_address, std_dao_chain_id, std_dao_address) VALUES ('0x22996b929510142c95fcda8aa59ef2a257057d47', 8453, '0x237dfa2223d34674afd3c8d1200bce2919f97417');
INSERT INTO onchain.signer_to_dao (std_signer_address, std_dao_chain_id, std_dao_address) VALUES ('0xb0f52106608331295212489cc88b5cd605145aab', 8453, '0x237dfa2223d34674afd3c8d1200bce2919f97417');
INSERT INTO onchain.signer_to_dao (std_signer_address, std_dao_chain_id, std_dao_address) VALUES ('0xcb22f5246d9075dd588c0b98f78ca2e0ba4c7356', 8453, '0x237dfa2223d34674afd3c8d1200bce2919f97417');
INSERT INTO onchain.signer_to_dao (std_signer_address, std_dao_chain_id, std_dao_address) VALUES ('0x6ee54aae8ffd794b70dc9fb33845a5172d0eecf7', 8453, '0x237dfa2223d34674afd3c8d1200bce2919f97417');
INSERT INTO onchain.signer_to_dao (std_signer_address, std_dao_chain_id, std_dao_address) VALUES ('0xf26d75b2fc048f1f6c793ae9f939fa0946a0e104', 8453, '0x856fdfa35556865af5cb8b8dcb82855d2f4b4866');
INSERT INTO onchain.signer_to_dao (std_signer_address, std_dao_chain_id, std_dao_address) VALUES ('0x22996b929510142c95fcda8aa59ef2a257057d47', 8453, '0x856fdfa35556865af5cb8b8dcb82855d2f4b4866');
INSERT INTO onchain.signer_to_dao (std_signer_address, std_dao_chain_id, std_dao_address) VALUES ('0x6ee54aae8ffd794b70dc9fb33845a5172d0eecf7', 8453, '0x856fdfa35556865af5cb8b8dcb82855d2f4b4866');
INSERT INTO onchain.signer_to_dao (std_signer_address, std_dao_chain_id, std_dao_address) VALUES ('0xe03513898e041bfa68292ad8992b2d781ae738d9', 8453, '0x856fdfa35556865af5cb8b8dcb82855d2f4b4866');
INSERT INTO onchain.signer_to_dao (std_signer_address, std_dao_chain_id, std_dao_address) VALUES ('0xf26d75b2fc048f1f6c793ae9f939fa0946a0e104', 8453, '0x895a9c888b2059f57ac7edbd59337f91a3f3f05f');
INSERT INTO onchain.signer_to_dao (std_signer_address, std_dao_chain_id, std_dao_address) VALUES ('0x22996b929510142c95fcda8aa59ef2a257057d47', 8453, '0x895a9c888b2059f57ac7edbd59337f91a3f3f05f');
INSERT INTO onchain.signer_to_dao (std_signer_address, std_dao_chain_id, std_dao_address) VALUES ('0xc88599f6bd1bb70c43478a6ca01b0f2f6a8127d4', 8453, '0x895a9c888b2059f57ac7edbd59337f91a3f3f05f');
INSERT INTO onchain.signer_to_dao (std_signer_address, std_dao_chain_id, std_dao_address) VALUES ('0x63607f2b2afe85214f0ddfd74dcd732459a3ebf9', 8453, '0x895a9c888b2059f57ac7edbd59337f91a3f3f05f');
INSERT INTO onchain.signer_to_dao (std_signer_address, std_dao_chain_id, std_dao_address) VALUES ('0x6ee54aae8ffd794b70dc9fb33845a5172d0eecf7', 8453, '0x895a9c888b2059f57ac7edbd59337f91a3f3f05f');
INSERT INTO onchain.signer_to_dao (std_signer_address, std_dao_chain_id, std_dao_address) VALUES ('0xf26d75b2fc048f1f6c793ae9f939fa0946a0e104', 8453, '0xf9a320200f72aef5df3b6e6763db749c6d4a5ea5');
INSERT INTO onchain.signer_to_dao (std_signer_address, std_dao_chain_id, std_dao_address) VALUES ('0x22996b929510142c95fcda8aa59ef2a257057d47', 8453, '0xf9a320200f72aef5df3b6e6763db749c6d4a5ea5');
INSERT INTO onchain.signer_to_dao (std_signer_address, std_dao_chain_id, std_dao_address) VALUES ('0x44afe4eac617e0e752864c35febf15aa00b6104b', 8453, '0xf9a320200f72aef5df3b6e6763db749c6d4a5ea5');
INSERT INTO onchain.signer_to_dao (std_signer_address, std_dao_chain_id, std_dao_address) VALUES ('0x6ee54aae8ffd794b70dc9fb33845a5172d0eecf7', 8453, '0xf9a320200f72aef5df3b6e6763db749c6d4a5ea5');
INSERT INTO onchain.signer_to_dao (std_signer_address, std_dao_chain_id, std_dao_address) VALUES ('0xf26d75b2fc048f1f6c793ae9f939fa0946a0e104', 8453, '0x2cb0d618c8e02924a8769730fb3e5d3759279194');
INSERT INTO onchain.signer_to_dao (std_signer_address, std_dao_chain_id, std_dao_address) VALUES ('0x22996b929510142c95fcda8aa59ef2a257057d47', 8453, '0x2cb0d618c8e02924a8769730fb3e5d3759279194');
INSERT INTO onchain.signer_to_dao (std_signer_address, std_dao_chain_id, std_dao_address) VALUES ('0x532b73c94e198ee7e63c513c719c57fc3495b8e3', 8453, '0x2cb0d618c8e02924a8769730fb3e5d3759279194');
INSERT INTO onchain.signer_to_dao (std_signer_address, std_dao_chain_id, std_dao_address) VALUES ('0x30f48cdd4325cb707ec7926f22536e6e0dfae01f', 8453, '0x2cb0d618c8e02924a8769730fb3e5d3759279194');
INSERT INTO onchain.signer_to_dao (std_signer_address, std_dao_chain_id, std_dao_address) VALUES ('0x6ee54aae8ffd794b70dc9fb33845a5172d0eecf7', 8453, '0x2cb0d618c8e02924a8769730fb3e5d3759279194');
INSERT INTO onchain.signer_to_dao (std_signer_address, std_dao_chain_id, std_dao_address) VALUES ('0xf26d75b2fc048f1f6c793ae9f939fa0946a0e104', 8453, '0x00f8959d5e12215ff63e100346d25293e71ea0d3');
INSERT INTO onchain.signer_to_dao (std_signer_address, std_dao_chain_id, std_dao_address) VALUES ('0x22996b929510142c95fcda8aa59ef2a257057d47', 8453, '0x00f8959d5e12215ff63e100346d25293e71ea0d3');
INSERT INTO onchain.signer_to_dao (std_signer_address, std_dao_chain_id, std_dao_address) VALUES ('0xf3d4ef9c67bbdb40e7a16975a8a8a4d8e41df8d9', 8453, '0x00f8959d5e12215ff63e100346d25293e71ea0d3');
INSERT INTO onchain.signer_to_dao (std_signer_address, std_dao_chain_id, std_dao_address) VALUES ('0xb1cbfab1c807e576530d187fe2c250f944df7597', 8453, '0x00f8959d5e12215ff63e100346d25293e71ea0d3');
INSERT INTO onchain.signer_to_dao (std_signer_address, std_dao_chain_id, std_dao_address) VALUES ('0x6ee54aae8ffd794b70dc9fb33845a5172d0eecf7', 8453, '0x00f8959d5e12215ff63e100346d25293e71ea0d3');
INSERT INTO onchain.signer_to_dao (std_signer_address, std_dao_chain_id, std_dao_address) VALUES ('0xf26d75b2fc048f1f6c793ae9f939fa0946a0e104', 8453, '0x529a08dca73c533aeb67897e85b682e0152fd845');
INSERT INTO onchain.signer_to_dao (std_signer_address, std_dao_chain_id, std_dao_address) VALUES ('0x22996b929510142c95fcda8aa59ef2a257057d47', 8453, '0x529a08dca73c533aeb67897e85b682e0152fd845');
INSERT INTO onchain.signer_to_dao (std_signer_address, std_dao_chain_id, std_dao_address) VALUES ('0x04f2ce722ae76e3bdcf1401f87fe1fe63766c4c1', 8453, '0x529a08dca73c533aeb67897e85b682e0152fd845');
INSERT INTO onchain.signer_to_dao (std_signer_address, std_dao_chain_id, std_dao_address) VALUES ('0x6ee54aae8ffd794b70dc9fb33845a5172d0eecf7', 8453, '0x529a08dca73c533aeb67897e85b682e0152fd845');
INSERT INTO onchain.signer_to_dao (std_signer_address, std_dao_chain_id, std_dao_address) VALUES ('0x4cc93ebb24bc1660d5b41ff9ec8ca480a0a94c36', 8453, '0x9551d9ae48674f6768361645a790590305f86209');
INSERT INTO onchain.signer_to_dao (std_signer_address, std_dao_chain_id, std_dao_address) VALUES ('0xf26d75b2fc048f1f6c793ae9f939fa0946a0e104', 1, '0x8e278458b9446b0392f32c75676970893f3ab6be');
INSERT INTO onchain.signer_to_dao (std_signer_address, std_dao_chain_id, std_dao_address) VALUES ('0x85543b7024393ae98da26d9136002976d0cf4158', 1, '0xb629aa2fa30cdb83f3f5808dde3f601818a682dd');
INSERT INTO onchain.signer_to_dao (std_signer_address, std_dao_chain_id, std_dao_address) VALUES ('0xb6c0af3f10f6ad307a5205f741ec68d02c6fa548', 137, '0x7106c97c268d85fa829392d93ab7fc9ae2cad867');
INSERT INTO onchain.signer_to_dao (std_signer_address, std_dao_chain_id, std_dao_address) VALUES ('0xfec6837e96faa1596ab85977c163975305c7709c', 10, '0xf1ee07109217769345cd771789769ef2cb0d08e4');
INSERT INTO onchain.signer_to_dao (std_signer_address, std_dao_chain_id, std_dao_address) VALUES ('0x2884b7bf17ca966bb2e4099bf384734a48885df0', 8453, '0x0bcc8861d36b610f19492c8e512ebb9e99bb7654');
INSERT INTO onchain.signer_to_dao (std_signer_address, std_dao_chain_id, std_dao_address) VALUES ('0x2884b7bf17ca966bb2e4099bf384734a48885df0', 8453, '0x5a85e7e223577a8c01c9ef27f6fe8643830d67d6');
INSERT INTO onchain.signer_to_dao (std_signer_address, std_dao_chain_id, std_dao_address) VALUES ('0x1019236722517506732d92dac0f7b9b4ed993d8d', 10, '0x8ba174e2f943657e193744883fe72ce4c01b33c0');
INSERT INTO onchain.signer_to_dao (std_signer_address, std_dao_chain_id, std_dao_address) VALUES ('0x0b8eee99b1804f5a5c851c37dacc5cd3b623d12a', 8453, '0x9ef2c4aa4b25beb130356b4fcf62db4c0d4b2557');
INSERT INTO onchain.signer_to_dao (std_signer_address, std_dao_chain_id, std_dao_address) VALUES ('0x86c17354b7af70cd2aabe8a7020d6dd58644272b', 137, '0x40943ed3cbc034d3752fde05bb71e8f64f27c308');
INSERT INTO onchain.signer_to_dao (std_signer_address, std_dao_chain_id, std_dao_address) VALUES ('0x14b60e8608b5cb3cd17311acaea1b05a4f4e61be', 1, '0xb14ac30aa97057e2a934c47bdc45171335b91bd8');
INSERT INTO onchain.signer_to_dao (std_signer_address, std_dao_chain_id, std_dao_address) VALUES ('0xfcf7a2794d066110162addce3085dfd6221d4ddd', 1, '0xfc4eb2a6ecc30cc86a24823f9821eff8b9a140bb');
INSERT INTO onchain.signer_to_dao (std_signer_address, std_dao_chain_id, std_dao_address) VALUES ('0x16755d46cf678588df535f2991e4c53a4dddc437', 1, '0x80a8ccb2de8c793d36e4acd4715ebb91aa5038d1');
INSERT INTO onchain.signer_to_dao (std_signer_address, std_dao_chain_id, std_dao_address) VALUES ('0x7599c84f0e1891c351ffbe6797864a06bd9d6ed5', 137, '0xa2281bf431a904c5fd1e0020bcb3412412911a91');
INSERT INTO onchain.signer_to_dao (std_signer_address, std_dao_chain_id, std_dao_address) VALUES ('0x0fe11cf358fe883069ed25e82168a12ed8f6076e', 8453, '0x505ef78e4ffb433f6fbfbc98e9716c36f7296894');
INSERT INTO onchain.signer_to_dao (std_signer_address, std_dao_chain_id, std_dao_address) VALUES ('0x0784fba6150a1334365e6fc27bb37c6370489cba', 1, '0x50e1acd0fdb16189b7910675fbd410c466ae31b8');
INSERT INTO onchain.signer_to_dao (std_signer_address, std_dao_chain_id, std_dao_address) VALUES ('0x1289e52a19f633a1be26a42235cc5b9dfde486cc', 8453, '0xf222823699a84a6dcd47a1a860554a5b9daaaf47');
INSERT INTO onchain.signer_to_dao (std_signer_address, std_dao_chain_id, std_dao_address) VALUES ('0x8e6f1f26173ea77e2ea666f9f6333e3881596c52', 137, '0xbfa0a6211545a6fa991b2cf5c8ce11c41400937a');
INSERT INTO onchain.signer_to_dao (std_signer_address, std_dao_chain_id, std_dao_address) VALUES ('0xc88599f6bd1bb70c43478a6ca01b0f2f6a8127d4', 1, '0xa89bff4576de525570abc420d44106ef97a07016');
INSERT INTO onchain.signer_to_dao (std_signer_address, std_dao_chain_id, std_dao_address) VALUES ('0xa88b37a1090e9698e7a4db71a51edd3033577d10', 8453, '0xbad01c227f85f789210de6c7b87e895f1e55471c');
INSERT INTO onchain.signer_to_dao (std_signer_address, std_dao_chain_id, std_dao_address) VALUES ('0x324f18afc0897dbd96b6ddf408c99c5542b37ede', 137, '0xc862e91c6ae533a9a3d48adb120296103d015416');
INSERT INTO onchain.signer_to_dao (std_signer_address, std_dao_chain_id, std_dao_address) VALUES ('0x36dfcc60b74b9d15881d8a4a622bae6b85907c81', 1, '0x16b9e0f718553e3a82438831a34ef0fac3a20e70');
INSERT INTO onchain.signer_to_dao (std_signer_address, std_dao_chain_id, std_dao_address) VALUES ('0x2c9dcd1f74ef3819f89f57f48694d88bcf665154', 1, '0x72fbb1b7856d2d1c07997e0a1a2201eced03b04c');
INSERT INTO onchain.signer_to_dao (std_signer_address, std_dao_chain_id, std_dao_address) VALUES ('0x22d9df1a44275956927b4ffba4371840c858bae6', 137, '0x5ab98e1d78375ddc322c0dbdc540a896ad06ab0e');
INSERT INTO onchain.signer_to_dao (std_signer_address, std_dao_chain_id, std_dao_address) VALUES ('0xe03850fb749fd6d0173ff350b96558c09d5101c3', 8453, '0xf8116e07bef52e227eff7e0c960336991e7769e7');
INSERT INTO onchain.signer_to_dao (std_signer_address, std_dao_chain_id, std_dao_address) VALUES ('0xce217675e8f327e0aa7b163f480978db3b322d9d', 1, '0xbaf4bdcde594871a9e40207ebea7da3bc3e83ae0');
INSERT INTO onchain.signer_to_dao (std_signer_address, std_dao_chain_id, std_dao_address) VALUES ('0xb687d659da095394e5524ca1bb22e70da28cf059', 8453, '0x7e9e037ff50fba074dbadc8cce39873bbab008c4');
INSERT INTO onchain.signer_to_dao (std_signer_address, std_dao_chain_id, std_dao_address) VALUES ('0x43103e084c880b4190b08caa4e06587473ebe8da', 8453, '0xa6f865191be3a1d09b816b336509d376a593ab93');
INSERT INTO onchain.signer_to_dao (std_signer_address, std_dao_chain_id, std_dao_address) VALUES ('0x4aa8d01e7185e08fbb8a3cbd76726b49da6710ed', 8453, '0xb2cf0b08363da450b689b85efc4d19921c9ae671');
INSERT INTO onchain.signer_to_dao (std_signer_address, std_dao_chain_id, std_dao_address) VALUES ('0xce9dbc16b1938c2a5b212ce58ba6108a3d9fd0ce', 8453, '0x607023559237b5ec8c7b9d3a73cbbd0a1077fab1');
INSERT INTO onchain.signer_to_dao (std_signer_address, std_dao_chain_id, std_dao_address) VALUES ('0x5847244945e6588e32e346ddf7b47fb140e205ba', 1, '0xac1ee1e918f17658a7d686ac531993867f55afe8');
INSERT INTO onchain.signer_to_dao (std_signer_address, std_dao_chain_id, std_dao_address) VALUES ('0x992049cc0f63d4c48420c7a76f5c26f923d81b44', 8453, '0x3d94272a4f8c41bdaa26b022ddf1a0677742f424');
INSERT INTO onchain.signer_to_dao (std_signer_address, std_dao_chain_id, std_dao_address) VALUES ('0x4e0775bb271cb800fb6f695d7f676e26dabb394a', 8453, '0x9b2b76bd77e1fb0cf8ea7d230603cc04a9bd9ac4');
INSERT INTO onchain.signer_to_dao (std_signer_address, std_dao_chain_id, std_dao_address) VALUES ('0xaf3ee09f37ead9f28a05aef0d09841bc9a6fe8e9', 8453, '0x5b2396dabd89d984f251e9fb949fd9d97fcb0f2b');
INSERT INTO onchain.signer_to_dao (std_signer_address, std_dao_chain_id, std_dao_address) VALUES ('0x7932dbb225b46f00671d47ee60587492dd1cbcf0', 8453, '0x5b2396dabd89d984f251e9fb949fd9d97fcb0f2b');
INSERT INTO onchain.signer_to_dao (std_signer_address, std_dao_chain_id, std_dao_address) VALUES ('0x2eb538b37f8476787375cd3c05e37e8cf92e2983', 8453, '0x5b2396dabd89d984f251e9fb949fd9d97fcb0f2b');
INSERT INTO onchain.signer_to_dao (std_signer_address, std_dao_chain_id, std_dao_address) VALUES ('0xe570db1b40b89f4d7b7f119b61dbd6e916319fec', 8453, '0x023e679a8cafefcc31509bb9a88ee2664f14f75b');
INSERT INTO onchain.signer_to_dao (std_signer_address, std_dao_chain_id, std_dao_address) VALUES ('0x992049cc0f63d4c48420c7a76f5c26f923d81b44', 8453, '0x864bb15a5c532bba230b9ebd4d545bd9c707dd61');
INSERT INTO onchain.signer_to_dao (std_signer_address, std_dao_chain_id, std_dao_address) VALUES ('0x1996d64d8f6e47a5bf6fb92246ef4efd6ae881e0', 8453, '0x864bb15a5c532bba230b9ebd4d545bd9c707dd61');
INSERT INTO onchain.signer_to_dao (std_signer_address, std_dao_chain_id, std_dao_address) VALUES ('0x8c05d0107a63e3f5b2ddf5a172b8f24166f58853', 8453, '0x864bb15a5c532bba230b9ebd4d545bd9c707dd61');
INSERT INTO onchain.signer_to_dao (std_signer_address, std_dao_chain_id, std_dao_address) VALUES ('0x25910143c255828f623786f46fe9a8941b7983bb', 8453, '0xeb86ace811e5c5a9c2d27ea81a8897b0e5f16f70');
INSERT INTO onchain.signer_to_dao (std_signer_address, std_dao_chain_id, std_dao_address) VALUES ('0x974957529c376f75647615407f3aefda12576d0e', 8453, '0xeb86ace811e5c5a9c2d27ea81a8897b0e5f16f70');
INSERT INTO onchain.signer_to_dao (std_signer_address, std_dao_chain_id, std_dao_address) VALUES ('0xd8853f27772fd64b08bc4d2cfe50471a822722c8', 8453, '0x29f18fdb2caeddf8cb7bfd966e53c7c8c6ce3424');
INSERT INTO onchain.signer_to_dao (std_signer_address, std_dao_chain_id, std_dao_address) VALUES ('0x9354209b880ac0abb02821cb3915a6eeb9a9336c', 8453, '0x4f6f99828b204bbe6f7a2d014166537e37acb82c');
INSERT INTO onchain.signer_to_dao (std_signer_address, std_dao_chain_id, std_dao_address) VALUES ('0x940c3f972c6eebf21d30e8fc86dcaf95f4dd5e28', 8453, '0x4f6f99828b204bbe6f7a2d014166537e37acb82c');
INSERT INTO onchain.signer_to_dao (std_signer_address, std_dao_chain_id, std_dao_address) VALUES ('0xb6420c6eae0325edba74845462c6760c6d706766', 8453, '0x4f6f99828b204bbe6f7a2d014166537e37acb82c');
INSERT INTO onchain.signer_to_dao (std_signer_address, std_dao_chain_id, std_dao_address) VALUES ('0xfeb9bdcf0b5eec884777222d58583b1569400585', 8453, '0x4f6f99828b204bbe6f7a2d014166537e37acb82c');
INSERT INTO onchain.signer_to_dao (std_signer_address, std_dao_chain_id, std_dao_address) VALUES ('0x244265a76901b8030b140a2996e6dd4703cbf20f', 8453, '0x4f6f99828b204bbe6f7a2d014166537e37acb82c');
INSERT INTO onchain.signer_to_dao (std_signer_address, std_dao_chain_id, std_dao_address) VALUES ('0xa4cb1ef9cb2f948e5af17c569bcf8fbe21ab983b', 137, '0xfcfb9fd7638d9e93d5640b1339217a3f99db9253');
INSERT INTO onchain.signer_to_dao (std_signer_address, std_dao_chain_id, std_dao_address) VALUES ('0xc65593773774ab9de1ac90e9e5c6a6e8b38883e0', 8453, '0xf10e1d95172a7fe7f2680a3b8920db435ce187c6');
INSERT INTO onchain.signer_to_dao (std_signer_address, std_dao_chain_id, std_dao_address) VALUES ('0xdbe28557e15a1a4ebfa062eda627c840cdad586c', 137, '0x9a745b0ffbab4563b76af03673741f1ead005585');
INSERT INTO onchain.signer_to_dao (std_signer_address, std_dao_chain_id, std_dao_address) VALUES ('0xa284d0d9be135927b672a6eb0c34c33ee3b8d72c', 137, '0x3d35fb663b7d6923375d13f97a757f6db4807dc2');
INSERT INTO onchain.signer_to_dao (std_signer_address, std_dao_chain_id, std_dao_address) VALUES ('0x73a1ece16f586a72e4336c4ff1970160c017347d', 137, '0x15e9b17427e7f879467df6f1041e7cc40edc7f50');
INSERT INTO onchain.signer_to_dao (std_signer_address, std_dao_chain_id, std_dao_address) VALUES ('0xb0d71cecfd59f42930f0f83ffd7a1bc7e85c25d3', 137, '0x318d9e015c5e8050a24f5a44639a77b9863a470f');
INSERT INTO onchain.signer_to_dao (std_signer_address, std_dao_chain_id, std_dao_address) VALUES ('0x61c87039a4bf5e842d5ac88b2700e27f4d821b10', 137, '0x823e0bd035e166cc7d47ac8f48c851a1f1ee0c61');
INSERT INTO onchain.signer_to_dao (std_signer_address, std_dao_chain_id, std_dao_address) VALUES ('0x40560cbb5d5d739341c88e0a3344ea1fb1b1b5d2', 8453, '0x022617b5fd50a2123117b12f063e7f81ab398a80');
INSERT INTO onchain.signer_to_dao (std_signer_address, std_dao_chain_id, std_dao_address) VALUES ('0x5c84088a87b82b3a86305fcd12d9f0a9f35a5e39', 10, '0x19d7351faf72a66afabe7eb2bb2c8b6d795949ce');
INSERT INTO onchain.signer_to_dao (std_signer_address, std_dao_chain_id, std_dao_address) VALUES ('0x8ae91cc26fdb625ef9c10b234f42f83a69118225', 1, '0x9a32279f282781996224be26a9b6a5cd8dde26ac');
INSERT INTO onchain.signer_to_dao (std_signer_address, std_dao_chain_id, std_dao_address) VALUES ('0x37f899ca5e0b3a58d129da3ada9996085be0e822', 137, '0x773d3f66f5ba2551224243ab828fbac278558301');
INSERT INTO onchain.signer_to_dao (std_signer_address, std_dao_chain_id, std_dao_address) VALUES ('0x21ba04df6d622b126f1f2a193df8838c94f0b205', 137, '0xec6ed2185bda5876851cfbb93b71fda1af3b2840');
INSERT INTO onchain.signer_to_dao (std_signer_address, std_dao_chain_id, std_dao_address) VALUES ('0x2c6274c3514eb9512266f4a38433787ee2a62bdc', 137, '0xd0291685d1e3a033edec71b6624d58c57b8dda2d');
INSERT INTO onchain.signer_to_dao (std_signer_address, std_dao_chain_id, std_dao_address) VALUES ('0x4bf1d32357327d10e4932dfd8e3b95dbfbfaff84', 137, '0xe5df721ba25c5f95eb80c24fc9179b574e68b4a3');


--
-- Data for Name: voting_strategy; Type: TABLE DATA; Schema: onchain; Owner: -
--

INSERT INTO onchain.voting_strategy (voting_strategy_address, governance_module_id, min_proposer_balance, voting_strategy_name, voting_strategy_description, voting_strategy_enabled_at, voting_strategy_disabled_at) VALUES ('0xda5549b7fd21b09fc483fae41b4c7da384544a80', '0x9dbde6057ad59cb07fc83170f7d1f06dd4afee93', '0', NULL, NULL, NULL, NULL);
INSERT INTO onchain.voting_strategy (voting_strategy_address, governance_module_id, min_proposer_balance, voting_strategy_name, voting_strategy_description, voting_strategy_enabled_at, voting_strategy_disabled_at) VALUES ('0x1233a175f5e895b624b19e47c96b3f390bebdb20', '0xb89a55de286b27a7c51c24c3ef3149495d002fe4', '0', NULL, NULL, NULL, NULL);
INSERT INTO onchain.voting_strategy (voting_strategy_address, governance_module_id, min_proposer_balance, voting_strategy_name, voting_strategy_description, voting_strategy_enabled_at, voting_strategy_disabled_at) VALUES ('0xc60eae052df99de4ab3dd88be833fda1da8793d5', '0xa5127d4302857f9472ccc28ed68de47eefac01e1', '0', NULL, NULL, NULL, NULL);
INSERT INTO onchain.voting_strategy (voting_strategy_address, governance_module_id, min_proposer_balance, voting_strategy_name, voting_strategy_description, voting_strategy_enabled_at, voting_strategy_disabled_at) VALUES ('0x7cd5a6d91c4ff2563d7c9cbacc812fec38e3b82e', '0x06e1be97502c99500a8e77fbc8089f414033eb59', '1', NULL, NULL, NULL, NULL);
INSERT INTO onchain.voting_strategy (voting_strategy_address, governance_module_id, min_proposer_balance, voting_strategy_name, voting_strategy_description, voting_strategy_enabled_at, voting_strategy_disabled_at) VALUES ('0x140c86d2a62ba2c5e7eb01f5530b82b76481bac0', '0xb5cef03d390ceeb3273d799696a73ebb50107860', '0', NULL, NULL, NULL, NULL);
INSERT INTO onchain.voting_strategy (voting_strategy_address, governance_module_id, min_proposer_balance, voting_strategy_name, voting_strategy_description, voting_strategy_enabled_at, voting_strategy_disabled_at) VALUES ('0x555cfbfdd8bbd2b1f570e38b0f5b7c6ad65710f8', '0x61bc890acf131f8dbd9c1df8638b3c333dc1c6ec', '500000000000000000000000', NULL, NULL, NULL, NULL);
INSERT INTO onchain.voting_strategy (voting_strategy_address, governance_module_id, min_proposer_balance, voting_strategy_name, voting_strategy_description, voting_strategy_enabled_at, voting_strategy_disabled_at) VALUES ('0x4b29d8b250b8b442ecfcd3a4e3d91933d2db720f', '0xaa6bfa174d2f803b517026e93dbbec1eba26258e', '1000000000000000000', NULL, NULL, NULL, NULL);
INSERT INTO onchain.voting_strategy (voting_strategy_address, governance_module_id, min_proposer_balance, voting_strategy_name, voting_strategy_description, voting_strategy_enabled_at, voting_strategy_disabled_at) VALUES ('0x89508ded5998a7e9cd6eefd80be655ae494b4f23', '0xf01e198662c8a81b9aaffb2ce5aa0283af11f5ab', '1', NULL, NULL, NULL, NULL);
INSERT INTO onchain.voting_strategy (voting_strategy_address, governance_module_id, min_proposer_balance, voting_strategy_name, voting_strategy_description, voting_strategy_enabled_at, voting_strategy_disabled_at) VALUES ('0x2277a4201a3c99c0279f2fb8740e37fc696df0f2', '0xf49a269d3cadb5a561c85930d430a30d836e2669', '1', NULL, NULL, NULL, NULL);
INSERT INTO onchain.voting_strategy (voting_strategy_address, governance_module_id, min_proposer_balance, voting_strategy_name, voting_strategy_description, voting_strategy_enabled_at, voting_strategy_disabled_at) VALUES ('0xc10dcb771ccd919fd053f9d7de381e2241a35a80', '0xd5e9d8e4384ed9f54dc991280fe7fa1d4a99caa4', '1', NULL, NULL, NULL, NULL);
INSERT INTO onchain.voting_strategy (voting_strategy_address, governance_module_id, min_proposer_balance, voting_strategy_name, voting_strategy_description, voting_strategy_enabled_at, voting_strategy_disabled_at) VALUES ('0xc17f2399741ca12a361d8d0cf74605b107570d83', '0x85543b7024393ae98da26d9136002976d0cf4158', '1', NULL, NULL, NULL, NULL);
INSERT INTO onchain.voting_strategy (voting_strategy_address, governance_module_id, min_proposer_balance, voting_strategy_name, voting_strategy_description, voting_strategy_enabled_at, voting_strategy_disabled_at) VALUES ('0x0202e1e4fdf8d630a2e5ec2cc228b9e2c2c9e94e', '0xb6c0af3f10f6ad307a5205f741ec68d02c6fa548', '1', NULL, NULL, NULL, NULL);
INSERT INTO onchain.voting_strategy (voting_strategy_address, governance_module_id, min_proposer_balance, voting_strategy_name, voting_strategy_description, voting_strategy_enabled_at, voting_strategy_disabled_at) VALUES ('0x6f98df7f660787ad18a1683fb996e6354c42fa76', '0x0b8eee99b1804f5a5c851c37dacc5cd3b623d12a', '1', NULL, NULL, NULL, NULL);
INSERT INTO onchain.voting_strategy (voting_strategy_address, governance_module_id, min_proposer_balance, voting_strategy_name, voting_strategy_description, voting_strategy_enabled_at, voting_strategy_disabled_at) VALUES ('0xa1795252c0848a1ce5015cf803699d63b5b6356b', '0x14b60e8608b5cb3cd17311acaea1b05a4f4e61be', '1', NULL, NULL, NULL, NULL);
INSERT INTO onchain.voting_strategy (voting_strategy_address, governance_module_id, min_proposer_balance, voting_strategy_name, voting_strategy_description, voting_strategy_enabled_at, voting_strategy_disabled_at) VALUES ('0x24ef0c5f5beb3f1e99e56847dddf150c9e55991b', '0x16755d46cf678588df535f2991e4c53a4dddc437', '1', NULL, NULL, NULL, NULL);
INSERT INTO onchain.voting_strategy (voting_strategy_address, governance_module_id, min_proposer_balance, voting_strategy_name, voting_strategy_description, voting_strategy_enabled_at, voting_strategy_disabled_at) VALUES ('0xa9407a9b33cf7c76c13ed137b8b9ed39ea2caf58', '0x7599c84f0e1891c351ffbe6797864a06bd9d6ed5', '1', NULL, NULL, NULL, NULL);
INSERT INTO onchain.voting_strategy (voting_strategy_address, governance_module_id, min_proposer_balance, voting_strategy_name, voting_strategy_description, voting_strategy_enabled_at, voting_strategy_disabled_at) VALUES ('0xa744e268bf4e8f105b553ce088ff05b800840b3a', '0x0fe11cf358fe883069ed25e82168a12ed8f6076e', '1', NULL, NULL, NULL, NULL);
INSERT INTO onchain.voting_strategy (voting_strategy_address, governance_module_id, min_proposer_balance, voting_strategy_name, voting_strategy_description, voting_strategy_enabled_at, voting_strategy_disabled_at) VALUES ('0x314af64f335ddf9da3b76efc579a43180bf36265', '0x1289e52a19f633a1be26a42235cc5b9dfde486cc', '1', NULL, NULL, NULL, NULL);
INSERT INTO onchain.voting_strategy (voting_strategy_address, governance_module_id, min_proposer_balance, voting_strategy_name, voting_strategy_description, voting_strategy_enabled_at, voting_strategy_disabled_at) VALUES ('0xf6349189c35bc17e2c8bc862de94c0d150dd73c6', '0x8e6f1f26173ea77e2ea666f9f6333e3881596c52', '1', NULL, NULL, NULL, NULL);
INSERT INTO onchain.voting_strategy (voting_strategy_address, governance_module_id, min_proposer_balance, voting_strategy_name, voting_strategy_description, voting_strategy_enabled_at, voting_strategy_disabled_at) VALUES ('0x6936f4cacf892ba7801f6b59a3d7d578cf9941f8', '0xa88b37a1090e9698e7a4db71a51edd3033577d10', '1', NULL, NULL, NULL, NULL);
INSERT INTO onchain.voting_strategy (voting_strategy_address, governance_module_id, min_proposer_balance, voting_strategy_name, voting_strategy_description, voting_strategy_enabled_at, voting_strategy_disabled_at) VALUES ('0xe88d5d25d1722ac509ef31f31c9891f185c33714', '0x324f18afc0897dbd96b6ddf408c99c5542b37ede', '1', NULL, NULL, NULL, NULL);
INSERT INTO onchain.voting_strategy (voting_strategy_address, governance_module_id, min_proposer_balance, voting_strategy_name, voting_strategy_description, voting_strategy_enabled_at, voting_strategy_disabled_at) VALUES ('0x42badc8799bae2a07727a52a1adb76484f46203a', '0x36dfcc60b74b9d15881d8a4a622bae6b85907c81', '1', NULL, NULL, NULL, NULL);
INSERT INTO onchain.voting_strategy (voting_strategy_address, governance_module_id, min_proposer_balance, voting_strategy_name, voting_strategy_description, voting_strategy_enabled_at, voting_strategy_disabled_at) VALUES ('0x5585944fb69826c3adb3aebd180bbd8af76d8902', '0x2c9dcd1f74ef3819f89f57f48694d88bcf665154', '1', NULL, NULL, NULL, NULL);
INSERT INTO onchain.voting_strategy (voting_strategy_address, governance_module_id, min_proposer_balance, voting_strategy_name, voting_strategy_description, voting_strategy_enabled_at, voting_strategy_disabled_at) VALUES ('0x6708e6a8cc8675be2a79814aba355e1be4368faa', '0x22d9df1a44275956927b4ffba4371840c858bae6', '1', NULL, NULL, NULL, NULL);
INSERT INTO onchain.voting_strategy (voting_strategy_address, governance_module_id, min_proposer_balance, voting_strategy_name, voting_strategy_description, voting_strategy_enabled_at, voting_strategy_disabled_at) VALUES ('0x560b8fbf7ba4893ca849af6f524aff12c3a819c3', '0xe03850fb749fd6d0173ff350b96558c09d5101c3', '1', NULL, NULL, NULL, NULL);
INSERT INTO onchain.voting_strategy (voting_strategy_address, governance_module_id, min_proposer_balance, voting_strategy_name, voting_strategy_description, voting_strategy_enabled_at, voting_strategy_disabled_at) VALUES ('0x4d5e55b681751f9dd43af2c98335543057ff0225', '0xce217675e8f327e0aa7b163f480978db3b322d9d', '1', NULL, NULL, NULL, NULL);
INSERT INTO onchain.voting_strategy (voting_strategy_address, governance_module_id, min_proposer_balance, voting_strategy_name, voting_strategy_description, voting_strategy_enabled_at, voting_strategy_disabled_at) VALUES ('0x97751cb05aca48fc2e53982cea0229dc238e20bc', '0xb687d659da095394e5524ca1bb22e70da28cf059', '1', NULL, NULL, NULL, NULL);
INSERT INTO onchain.voting_strategy (voting_strategy_address, governance_module_id, min_proposer_balance, voting_strategy_name, voting_strategy_description, voting_strategy_enabled_at, voting_strategy_disabled_at) VALUES ('0xbb244facb04cdf9247389f0c63512e843e3b5396', '0x43103e084c880b4190b08caa4e06587473ebe8da', '1', NULL, NULL, NULL, NULL);
INSERT INTO onchain.voting_strategy (voting_strategy_address, governance_module_id, min_proposer_balance, voting_strategy_name, voting_strategy_description, voting_strategy_enabled_at, voting_strategy_disabled_at) VALUES ('0xedaeac7e091623ec5e423ed0fa89a06528f31748', '0x4aa8d01e7185e08fbb8a3cbd76726b49da6710ed', '1', NULL, NULL, NULL, NULL);
INSERT INTO onchain.voting_strategy (voting_strategy_address, governance_module_id, min_proposer_balance, voting_strategy_name, voting_strategy_description, voting_strategy_enabled_at, voting_strategy_disabled_at) VALUES ('0x478962d18e5d11a33992dc31261336085c077fa8', '0xce9dbc16b1938c2a5b212ce58ba6108a3d9fd0ce', '1', NULL, NULL, NULL, NULL);
INSERT INTO onchain.voting_strategy (voting_strategy_address, governance_module_id, min_proposer_balance, voting_strategy_name, voting_strategy_description, voting_strategy_enabled_at, voting_strategy_disabled_at) VALUES ('0xe3db2e26b94154464c05574148e3ceca0b479a94', '0x5847244945e6588e32e346ddf7b47fb140e205ba', '1', NULL, NULL, NULL, NULL);
INSERT INTO onchain.voting_strategy (voting_strategy_address, governance_module_id, min_proposer_balance, voting_strategy_name, voting_strategy_description, voting_strategy_enabled_at, voting_strategy_disabled_at) VALUES ('0x7c763c4b9a4bbfe14df4aac1ac48a1e8b30672e9', '0x4e0775bb271cb800fb6f695d7f676e26dabb394a', '1', NULL, NULL, NULL, NULL);
INSERT INTO onchain.voting_strategy (voting_strategy_address, governance_module_id, min_proposer_balance, voting_strategy_name, voting_strategy_description, voting_strategy_enabled_at, voting_strategy_disabled_at) VALUES ('0x7353920d053300c69afae7b234415977f84cd29b', '0xe570db1b40b89f4d7b7f119b61dbd6e916319fec', '1', NULL, NULL, NULL, NULL);
INSERT INTO onchain.voting_strategy (voting_strategy_address, governance_module_id, min_proposer_balance, voting_strategy_name, voting_strategy_description, voting_strategy_enabled_at, voting_strategy_disabled_at) VALUES ('0x3015d4c595bf220b831a862905f3e3fd7d094f55', '0xd8853f27772fd64b08bc4d2cfe50471a822722c8', '1', NULL, NULL, NULL, NULL);
INSERT INTO onchain.voting_strategy (voting_strategy_address, governance_module_id, min_proposer_balance, voting_strategy_name, voting_strategy_description, voting_strategy_enabled_at, voting_strategy_disabled_at) VALUES ('0xaf1c75a4a279d2bc9d1798f43b55d8e8e18a9b87', '0xa4cb1ef9cb2f948e5af17c569bcf8fbe21ab983b', '1', NULL, NULL, NULL, NULL);
INSERT INTO onchain.voting_strategy (voting_strategy_address, governance_module_id, min_proposer_balance, voting_strategy_name, voting_strategy_description, voting_strategy_enabled_at, voting_strategy_disabled_at) VALUES ('0x3b5a4818024216741c3d4e63d183bf404c2459b8', '0xc65593773774ab9de1ac90e9e5c6a6e8b38883e0', '1', NULL, NULL, NULL, NULL);
INSERT INTO onchain.voting_strategy (voting_strategy_address, governance_module_id, min_proposer_balance, voting_strategy_name, voting_strategy_description, voting_strategy_enabled_at, voting_strategy_disabled_at) VALUES ('0xdf2ae8e851ea129af820ca62154e15851da6feab', '0xdbe28557e15a1a4ebfa062eda627c840cdad586c', '1', NULL, NULL, NULL, NULL);
INSERT INTO onchain.voting_strategy (voting_strategy_address, governance_module_id, min_proposer_balance, voting_strategy_name, voting_strategy_description, voting_strategy_enabled_at, voting_strategy_disabled_at) VALUES ('0x9d0afce3a24b408788c51a2756807297dbf427e9', '0xa284d0d9be135927b672a6eb0c34c33ee3b8d72c', '1', NULL, NULL, NULL, NULL);
INSERT INTO onchain.voting_strategy (voting_strategy_address, governance_module_id, min_proposer_balance, voting_strategy_name, voting_strategy_description, voting_strategy_enabled_at, voting_strategy_disabled_at) VALUES ('0x9cf6cd02e32cee902eb8a78a5c005e451f0323a9', '0x73a1ece16f586a72e4336c4ff1970160c017347d', '1', NULL, NULL, NULL, NULL);
INSERT INTO onchain.voting_strategy (voting_strategy_address, governance_module_id, min_proposer_balance, voting_strategy_name, voting_strategy_description, voting_strategy_enabled_at, voting_strategy_disabled_at) VALUES ('0x89d18c78b8224ed19e639d6560fe250a0dcc6c66', '0xb0d71cecfd59f42930f0f83ffd7a1bc7e85c25d3', '1', NULL, NULL, NULL, NULL);
INSERT INTO onchain.voting_strategy (voting_strategy_address, governance_module_id, min_proposer_balance, voting_strategy_name, voting_strategy_description, voting_strategy_enabled_at, voting_strategy_disabled_at) VALUES ('0xd537c1b2fcc23dde667e29b8a802328fbde80afe', '0x61c87039a4bf5e842d5ac88b2700e27f4d821b10', '1', NULL, NULL, NULL, NULL);
INSERT INTO onchain.voting_strategy (voting_strategy_address, governance_module_id, min_proposer_balance, voting_strategy_name, voting_strategy_description, voting_strategy_enabled_at, voting_strategy_disabled_at) VALUES ('0x9be6bac62222f37910d4b2ebd4e7af377a40c112', '0x40560cbb5d5d739341c88e0a3344ea1fb1b1b5d2', '1', NULL, NULL, NULL, NULL);
INSERT INTO onchain.voting_strategy (voting_strategy_address, governance_module_id, min_proposer_balance, voting_strategy_name, voting_strategy_description, voting_strategy_enabled_at, voting_strategy_disabled_at) VALUES ('0x9474c12fcff1baa3a354d00c370574d0743bd895', '0x5c84088a87b82b3a86305fcd12d9f0a9f35a5e39', '1', NULL, NULL, NULL, NULL);
INSERT INTO onchain.voting_strategy (voting_strategy_address, governance_module_id, min_proposer_balance, voting_strategy_name, voting_strategy_description, voting_strategy_enabled_at, voting_strategy_disabled_at) VALUES ('0xfc8997406476d620212e01ace9b3b3c4fd2007d4', '0x8ae91cc26fdb625ef9c10b234f42f83a69118225', '1', NULL, NULL, NULL, NULL);
INSERT INTO onchain.voting_strategy (voting_strategy_address, governance_module_id, min_proposer_balance, voting_strategy_name, voting_strategy_description, voting_strategy_enabled_at, voting_strategy_disabled_at) VALUES ('0xdb2e3f93a70a6d4d3090a16861dce4e39ba85054', '0x37f899ca5e0b3a58d129da3ada9996085be0e822', '1', NULL, NULL, NULL, NULL);
INSERT INTO onchain.voting_strategy (voting_strategy_address, governance_module_id, min_proposer_balance, voting_strategy_name, voting_strategy_description, voting_strategy_enabled_at, voting_strategy_disabled_at) VALUES ('0x49a438da151993e716e816fa72db79c309015b7b', '0x21ba04df6d622b126f1f2a193df8838c94f0b205', '1', NULL, NULL, NULL, NULL);
INSERT INTO onchain.voting_strategy (voting_strategy_address, governance_module_id, min_proposer_balance, voting_strategy_name, voting_strategy_description, voting_strategy_enabled_at, voting_strategy_disabled_at) VALUES ('0xba5ae72a96488f24811e5e4ec870675c56554f7c', '0x2c6274c3514eb9512266f4a38433787ee2a62bdc', '1', NULL, NULL, NULL, NULL);
INSERT INTO onchain.voting_strategy (voting_strategy_address, governance_module_id, min_proposer_balance, voting_strategy_name, voting_strategy_description, voting_strategy_enabled_at, voting_strategy_disabled_at) VALUES ('0xe4ba779fb95c8915cfc171058db2f015f8c62fc3', '0x4bf1d32357327d10e4932dfd8e3b95dbfbfaff84', '1', NULL, NULL, NULL, NULL);


--
-- Data for Name: voting_token; Type: TABLE DATA; Schema: onchain; Owner: -
--

INSERT INTO onchain.voting_token (voting_token_address, voting_strategy_id, type) VALUES ('0x01a49dffb5e5e014cbefb91dc9e7445734af4616', '0xda5549b7fd21b09fc483fae41b4c7da384544a80', 'ERC20');
INSERT INTO onchain.voting_token (voting_token_address, voting_strategy_id, type) VALUES ('0x5e282b5f9861544af07b2d3b07402ba6ed6f4794', '0x1233a175f5e895b624b19e47c96b3f390bebdb20', 'ERC20');
INSERT INTO onchain.voting_token (voting_token_address, voting_strategy_id, type) VALUES ('0xe1b354d4b64823158edd7043aeeeb5916304f871', '0xc60eae052df99de4ab3dd88be833fda1da8793d5', 'ERC20');
INSERT INTO onchain.voting_token (voting_token_address, voting_strategy_id, type) VALUES ('0xc9a935245f1026ed8830867c25b395752f1d86ee', '0x7cd5a6d91c4ff2563d7c9cbacc812fec38e3b82e', 'ERC20');
INSERT INTO onchain.voting_token (voting_token_address, voting_strategy_id, type) VALUES ('0x8844f62bd22c15227aad8fdaf9cd3dc5c439a0ab', '0x140c86d2a62ba2c5e7eb01f5530b82b76481bac0', 'ERC20');
INSERT INTO onchain.voting_token (voting_token_address, voting_strategy_id, type) VALUES ('0xaaa51faf0feec595588cca93aa9ab8480eef3335', '0x555cfbfdd8bbd2b1f570e38b0f5b7c6ad65710f8', 'ERC20');
INSERT INTO onchain.voting_token (voting_token_address, voting_strategy_id, type) VALUES ('0xe485e2f1bab389c08721b291f6b59780fec83fd7', '0x4b29d8b250b8b442ecfcd3a4e3d91933d2db720f', 'ERC20');
INSERT INTO onchain.voting_token (voting_token_address, voting_strategy_id, type) VALUES ('0x189776b36c2f9b7e6d054bd1f5bdd90ff74348d6', '0x89508ded5998a7e9cd6eefd80be655ae494b4f23', 'ERC20');
INSERT INTO onchain.voting_token (voting_token_address, voting_strategy_id, type) VALUES ('0x43de30c6d60c317d14961897013f35e858127466', '0x2277a4201a3c99c0279f2fb8740e37fc696df0f2', 'ERC20');
INSERT INTO onchain.voting_token (voting_token_address, voting_strategy_id, type) VALUES ('0x4ed4e862860bed51a9570b96d89af5e1b0efefed', '0xc10dcb771ccd919fd053f9d7de381e2241a35a80', 'ERC20');
INSERT INTO onchain.voting_token (voting_token_address, voting_strategy_id, type) VALUES ('0x21da32fa5db4e2ca46703bdefce3048a7a07b95f', '0xc17f2399741ca12a361d8d0cf74605b107570d83', 'ERC20');
INSERT INTO onchain.voting_token (voting_token_address, voting_strategy_id, type) VALUES ('0x74d00f79550ee8779995367ac2c1bd9cefa90b58', '0x0202e1e4fdf8d630a2e5ec2cc228b9e2c2c9e94e', 'ERC20');
INSERT INTO onchain.voting_token (voting_token_address, voting_strategy_id, type) VALUES ('0x3ce7e54f18602045bb4c9bc8faf3e02a085eb571', '0x6f98df7f660787ad18a1683fb996e6354c42fa76', 'ERC20');
INSERT INTO onchain.voting_token (voting_token_address, voting_strategy_id, type) VALUES ('0xbb4e5e06479eacbfd008221d389f23b9a93eb2ce', '0xa1795252c0848a1ce5015cf803699d63b5b6356b', 'ERC721');
INSERT INTO onchain.voting_token (voting_token_address, voting_strategy_id, type) VALUES ('0x83ea755d6550443292dc10f6e4335a06952c5b8c', '0x24ef0c5f5beb3f1e99e56847dddf150c9e55991b', 'ERC20');
INSERT INTO onchain.voting_token (voting_token_address, voting_strategy_id, type) VALUES ('0x284f71af3fcd508d90446099dd07b00bec010086', '0xa9407a9b33cf7c76c13ed137b8b9ed39ea2caf58', 'ERC20');
INSERT INTO onchain.voting_token (voting_token_address, voting_strategy_id, type) VALUES ('0x1ea8f920a5c852314b91e8790fd360c636365573', '0xa744e268bf4e8f105b553ce088ff05b800840b3a', 'ERC20');
INSERT INTO onchain.voting_token (voting_token_address, voting_strategy_id, type) VALUES ('0x6eb623b50a1d5bb50d377a2923b3cf9f0780a374', '0x314af64f335ddf9da3b76efc579a43180bf36265', 'ERC20');
INSERT INTO onchain.voting_token (voting_token_address, voting_strategy_id, type) VALUES ('0x475dc6291149b827f228e58e66001106c8cd4869', '0xf6349189c35bc17e2c8bc862de94c0d150dd73c6', 'ERC20');
INSERT INTO onchain.voting_token (voting_token_address, voting_strategy_id, type) VALUES ('0x08fd4acbf37dc7a658b681bef0fee874676d7def', '0x6936f4cacf892ba7801f6b59a3d7d578cf9941f8', 'ERC20');
INSERT INTO onchain.voting_token (voting_token_address, voting_strategy_id, type) VALUES ('0xafe4336ee61a965f4d4b8093db93f3d98626e76b', '0xe88d5d25d1722ac509ef31f31c9891f185c33714', 'ERC20');
INSERT INTO onchain.voting_token (voting_token_address, voting_strategy_id, type) VALUES ('0xf001bc72e7d8592f0663fb945cfcff975a71a3ec', '0x42badc8799bae2a07727a52a1adb76484f46203a', 'ERC20');
INSERT INTO onchain.voting_token (voting_token_address, voting_strategy_id, type) VALUES ('0x964629a577ebd3d1cc9ce4361bdcc1abb282132f', '0x5585944fb69826c3adb3aebd180bbd8af76d8902', 'ERC721');
INSERT INTO onchain.voting_token (voting_token_address, voting_strategy_id, type) VALUES ('0x9c8ff314c9bc7f6e59a9d9225fb22946427edc03', '0x5585944fb69826c3adb3aebd180bbd8af76d8902', 'ERC721');
INSERT INTO onchain.voting_token (voting_token_address, voting_strategy_id, type) VALUES ('0x274a41e435ab3da9384df448f6f30113722dd2c3', '0x6708e6a8cc8675be2a79814aba355e1be4368faa', 'ERC721');
INSERT INTO onchain.voting_token (voting_token_address, voting_strategy_id, type) VALUES ('0x1cf4b1840ff236f28b5be2cb0732f2250d569f36', '0x560b8fbf7ba4893ca849af6f524aff12c3a819c3', 'ERC20');
INSERT INTO onchain.voting_token (voting_token_address, voting_strategy_id, type) VALUES ('0x49cea154a65721e37aede1e923524e8cec74b094', '0x4d5e55b681751f9dd43af2c98335543057ff0225', 'ERC20');
INSERT INTO onchain.voting_token (voting_token_address, voting_strategy_id, type) VALUES ('0x6ff32685bcab85f1208af695328a4bf29cf2d36d', '0x97751cb05aca48fc2e53982cea0229dc238e20bc', 'ERC20');
INSERT INTO onchain.voting_token (voting_token_address, voting_strategy_id, type) VALUES ('0xd151664bfea5c60f95ea223a142301a42480d492', '0xbb244facb04cdf9247389f0c63512e843e3b5396', 'ERC721');
INSERT INTO onchain.voting_token (voting_token_address, voting_strategy_id, type) VALUES ('0x908c9262f271037aa8074f6671cf68d4bd4ba96e', '0xedaeac7e091623ec5e423ed0fa89a06528f31748', 'ERC20');
INSERT INTO onchain.voting_token (voting_token_address, voting_strategy_id, type) VALUES ('0x375617f5d392d68755dbae1016e27c8922f3f69d', '0x478962d18e5d11a33992dc31261336085c077fa8', 'ERC20');
INSERT INTO onchain.voting_token (voting_token_address, voting_strategy_id, type) VALUES ('0x595f5535c26bcb5123abcfc48a797f6bf05005f3', '0xe3db2e26b94154464c05574148e3ceca0b479a94', 'ERC20');
INSERT INTO onchain.voting_token (voting_token_address, voting_strategy_id, type) VALUES ('0xbc46ddcb2a396e4f9d874257564a89386efeb792', '0x7c763c4b9a4bbfe14df4aac1ac48a1e8b30672e9', 'ERC20');
INSERT INTO onchain.voting_token (voting_token_address, voting_strategy_id, type) VALUES ('0xc370976024f5b29766c98f5e72438d715ddb7b96', '0x7353920d053300c69afae7b234415977f84cd29b', 'ERC20');
INSERT INTO onchain.voting_token (voting_token_address, voting_strategy_id, type) VALUES ('0xc3556f217797d2f9722e85062dcf36280e013f83', '0x3015d4c595bf220b831a862905f3e3fd7d094f55', 'ERC20');
INSERT INTO onchain.voting_token (voting_token_address, voting_strategy_id, type) VALUES ('0x425095ff1c5750e47ff75d20f3ffcf269af2ed30', '0xaf1c75a4a279d2bc9d1798f43b55d8e8e18a9b87', 'ERC20');
INSERT INTO onchain.voting_token (voting_token_address, voting_strategy_id, type) VALUES ('0xf785366f53229eeaa98e8c0db4a0031726b01e1b', '0x3b5a4818024216741c3d4e63d183bf404c2459b8', 'ERC20');
INSERT INTO onchain.voting_token (voting_token_address, voting_strategy_id, type) VALUES ('0xa1c492370fb7766ccb04436bd9facb28bf426baa', '0xdf2ae8e851ea129af820ca62154e15851da6feab', 'ERC20');
INSERT INTO onchain.voting_token (voting_token_address, voting_strategy_id, type) VALUES ('0x52495d97dca8eb54cdc53ba11a01d4dff416806f', '0x9d0afce3a24b408788c51a2756807297dbf427e9', 'ERC20');
INSERT INTO onchain.voting_token (voting_token_address, voting_strategy_id, type) VALUES ('0x0300eee0fbe6736cb9c708431beebeb78846cb99', '0x9cf6cd02e32cee902eb8a78a5c005e451f0323a9', 'ERC20');
INSERT INTO onchain.voting_token (voting_token_address, voting_strategy_id, type) VALUES ('0xdfeb9d7c7d80f5677e1737b8a20d647a07e9c75e', '0x89d18c78b8224ed19e639d6560fe250a0dcc6c66', 'ERC20');
INSERT INTO onchain.voting_token (voting_token_address, voting_strategy_id, type) VALUES ('0x4371633c08de44912f5cae75b35f3546c5b8e857', '0xd537c1b2fcc23dde667e29b8a802328fbde80afe', 'ERC20');
INSERT INTO onchain.voting_token (voting_token_address, voting_strategy_id, type) VALUES ('0x1ee72ff0ae9287249cddbd1fd339896bb3cf0124', '0x9be6bac62222f37910d4b2ebd4e7af377a40c112', 'ERC20');
INSERT INTO onchain.voting_token (voting_token_address, voting_strategy_id, type) VALUES ('0x95a96d2dec7ad4e636bad9139e15ac5bd86d3e59', '0x9474c12fcff1baa3a354d00c370574d0743bd895', 'ERC20');
INSERT INTO onchain.voting_token (voting_token_address, voting_strategy_id, type) VALUES ('0x2bb9afc3f709844b80a76fb38e6bd61daf11cc5f', '0xfc8997406476d620212e01ace9b3b3c4fd2007d4', 'ERC20');
INSERT INTO onchain.voting_token (voting_token_address, voting_strategy_id, type) VALUES ('0x8524ac3781a526e249490794f8c91cab5f19bc20', '0xdb2e3f93a70a6d4d3090a16861dce4e39ba85054', 'ERC20');
INSERT INTO onchain.voting_token (voting_token_address, voting_strategy_id, type) VALUES ('0xb1008f2da4806a9b82cca885a51a76806f2749ff', '0x49a438da151993e716e816fa72db79c309015b7b', 'ERC20');
INSERT INTO onchain.voting_token (voting_token_address, voting_strategy_id, type) VALUES ('0xce873a00b2f0e6faae64f1955a45d2ad2f0385dc', '0xe4ba779fb95c8915cfc171058db2f015f8c62fc3', 'ERC20');


--
-- PostgreSQL database dump complete
--

